song_id,song_name,artist_id,genre,duration_ms
S00001,Song 00001,A0133,metal,217361
S00002,Song 00002,A0325,metal,175562
S00003,Song 00003,A0299,pop,264068
S00004,Song 00004,A0283,latin,270513
S00005,Song 00005,A0295,hip_hop,201633
S00006,Song 00006,A0330,hip_hop,293665
S00007,Song 00007,A0107,hip_hop,205154
S00008,Song 00008,A0090,electronic,307772
S00009,Song 00009,A0141,hip_hop,192665
S00010,Song 00010,A0365,classical,189228
S00011,Song 00011,A0323,hip_hop,121684
S00012,Song 00012,A0202,rock,152198
S00013,Song 00013,A0308,electronic,192568
S00014,Song 00014,A0367,pop,80771
S00015,Song 00015,A0062,jazz,215951
S00016,Song 00016,A0280,latin,272473
S00017,Song 00017,A0090,electronic,252105
S00018,Song 00018,A0294,metal,229904
S00019,Song 00019,A0036,latin,260685
S00020,Song 00020,A0381,r_and_b,180675
S00021,Song 00021,A0314,latin,186446
S00022,Song 00022,A0043,electronic,271280
S00023,Song 00023,A0341,metal,208503
S00024,Song 00024,A0349,hip_hop,281336
S00025,Song 00025,A0065,country,186549
S00026,Song 00026,A0117,rock,261279
S00027,Song 00027,A0062,jazz,297645
S00028,Song 00028,A0329,reggaeton,212030
S00029,Song 00029,A0044,latin,327295
S00030,Song 00030,A0090,electronic,318498
S00031,Song 00031,A0023,pop,61074
S00032,Song 00032,A0188,rock,389149
S00033,Song 00033,A0028,r_and_b,113243
S00034,Song 00034,A0056,latin,377021
S00035,Song 00035,A0141,hip_hop,159841
S00036,Song 00036,A0323,hip_hop,80832
S00037,Song 00037,A0276,r_and_b,129868
S00038,Song 00038,A0118,latin,247362
S00039,Song 00039,A0220,hip_hop,151631
S00040,Song 00040,A0190,metal,180573
S00041,Song 00041,A0143,latin,295884
S00042,Song 00042,A0319,latin,151983
S00043,Song 00043,A0304,latin,249336
S00044,Song 00044,A0149,electronic,299820
S00045,Song 00045,A0188,rock,97170
S00046,Song 00046,A0355,rock,141262
S00047,Song 00047,A0101,jazz,231462
S00048,Song 00048,A0205,jazz,217044
S00049,Song 00049,A0393,rock,236076
S00050,Song 00050,A0378,pop,87374
S00051,Song 00051,A0213,classical,162641
S00052,Song 00052,A0309,reggaeton,243332
S00053,Song 00053,A0201,r_and_b,256041
S00054,Song 00054,A0398,jazz,300282
S00055,Song 00055,A0210,r_and_b,192972
S00056,Song 00056,A0286,indie_rock,170856
S00057,Song 00057,A0025,country,154562
S00058,Song 00058,A0126,country,157619
S00059,Song 00059,A0125,country,84862
S00060,Song 00060,A0213,classical,327674
S00061,Song 00061,A0006,latin,188542
S00062,Song 00062,A0377,indie_rock,171289
S00063,Song 00063,A0272,r_and_b,175681
S00064,Song 00064,A0370,country,253023
S00065,Song 00065,A0186,reggaeton,223254
S00066,Song 00066,A0101,jazz,165618
S00067,Song 00067,A0018,country,281610
S00068,Song 00068,A0103,indie_rock,233400
S00069,Song 00069,A0022,country,203575
S00070,Song 00070,A0102,metal,215515
S00071,Song 00071,A0041,hip_hop,292523
S00072,Song 00072,A0251,r_and_b,261202
S00073,Song 00073,A0386,classical,209355
S00074,Song 00074,A0078,reggaeton,283073
S00075,Song 00075,A0160,metal,74910
S00076,Song 00076,A0283,latin,262125
S00077,Song 00077,A0068,jazz,160620
S00078,Song 00078,A0128,electronic,174698
S00079,Song 00079,A0115,hip_hop,199876
S00080,Song 00080,A0336,reggaeton,337468
S00081,Song 00081,A0227,reggaeton,204902
S00082,Song 00082,A0099,pop,206221
S00083,Song 00083,A0299,pop,254394
S00084,Song 00084,A0371,reggaeton,84833
S00085,Song 00085,A0127,rock,200486
S00086,Song 00086,A0133,metal,260121
S00087,Song 00087,A0101,jazz,150767
S00088,Song 00088,A0014,r_and_b,253390
S00089,Song 00089,A0095,r_and_b,166208
S00090,Song 00090,A0065,country,117737
S00091,Song 00091,A0048,rock,273181
S00092,Song 00092,A0327,indie_rock,221126
S00093,Song 00093,A0089,reggaeton,265471
S00094,Song 00094,A0069,pop,227611
S00095,Song 00095,A0103,indie_rock,146619
S00096,Song 00096,A0101,jazz,282828
S00097,Song 00097,A0250,metal,244607
S00098,Song 00098,A0399,latin,244344
S00099,Song 00099,A0388,hip_hop,192569
S00100,Song 00100,A0167,jazz,146508
S00101,Song 00101,A0035,jazz,311847
S00102,Song 00102,A0258,reggaeton,270233
S00103,Song 00103,A0129,electronic,231379
S00104,Song 00104,A0218,indie_rock,181074
S00105,Song 00105,A0321,reggaeton,306722
S00106,Song 00106,A0188,rock,164969
S00107,Song 00107,A0144,pop,170255
S00108,Song 00108,A0359,electronic,358715
S00109,Song 00109,A0399,latin,259657
S00110,Song 00110,A0015,jazz,279918
S00111,Song 00111,A0300,r_and_b,267025
S00112,Song 00112,A0153,rock,357689
S00113,Song 00113,A0396,country,247079
S00114,Song 00114,A0181,latin,253404
S00115,Song 00115,A0166,electronic,164356
S00116,Song 00116,A0274,pop,223839
S00117,Song 00117,A0382,metal,121803
S00118,Song 00118,A0292,latin,196214
S00119,Song 00119,A0330,hip_hop,219611
S00120,Song 00120,A0002,latin,267470
S00121,Song 00121,A0379,rock,308608
S00122,Song 00122,A0040,classical,176353
S00123,Song 00123,A0216,metal,151059
S00124,Song 00124,A0096,latin,238140
S00125,Song 00125,A0092,indie_rock,163863
S00126,Song 00126,A0134,rock,330444
S00127,Song 00127,A0356,metal,302323
S00128,Song 00128,A0308,electronic,156907
S00129,Song 00129,A0103,indie_rock,234962
S00130,Song 00130,A0297,r_and_b,303633
S00131,Song 00131,A0374,electronic,161084
S00132,Song 00132,A0371,reggaeton,188783
S00133,Song 00133,A0084,r_and_b,215383
S00134,Song 00134,A0161,classical,308710
S00135,Song 00135,A0024,reggaeton,250813
S00136,Song 00136,A0168,reggaeton,204484
S00137,Song 00137,A0055,electronic,241075
S00138,Song 00138,A0057,country,222386
S00139,Song 00139,A0072,latin,231180
S00140,Song 00140,A0358,latin,250631
S00141,Song 00141,A0365,classical,234838
S00142,Song 00142,A0360,reggaeton,261526
S00143,Song 00143,A0124,latin,219770
S00144,Song 00144,A0383,jazz,200801
S00145,Song 00145,A0104,pop,199097
S00146,Song 00146,A0294,metal,115244
S00147,Song 00147,A0274,pop,186860
S00148,Song 00148,A0353,r_and_b,334014
S00149,Song 00149,A0182,pop,214291
S00150,Song 00150,A0227,reggaeton,251023
S00151,Song 00151,A0083,indie_rock,273027
S00152,Song 00152,A0336,reggaeton,185884
S00153,Song 00153,A0225,jazz,195167
S00154,Song 00154,A0131,pop,250383
S00155,Song 00155,A0304,latin,156907
S00156,Song 00156,A0303,hip_hop,274825
S00157,Song 00157,A0127,rock,260459
S00158,Song 00158,A0304,latin,231843
S00159,Song 00159,A0112,hip_hop,232901
S00160,Song 00160,A0248,electronic,263835
S00161,Song 00161,A0400,metal,223493
S00162,Song 00162,A0336,reggaeton,56007
S00163,Song 00163,A0386,classical,249824
S00164,Song 00164,A0271,latin,156452
S00165,Song 00165,A0336,reggaeton,185109
S00166,Song 00166,A0100,electronic,189886
S00167,Song 00167,A0074,reggaeton,190263
S00168,Song 00168,A0021,electronic,109379
S00169,Song 00169,A0237,metal,94819
S00170,Song 00170,A0131,pop,212844
S00171,Song 00171,A0090,electronic,220982
S00172,Song 00172,A0079,electronic,245582
S00173,Song 00173,A0253,country,136662
S00174,Song 00174,A0363,electronic,199239
S00175,Song 00175,A0206,metal,269994
S00176,Song 00176,A0214,electronic,195483
S00177,Song 00177,A0313,electronic,181612
S00178,Song 00178,A0292,latin,350661
S00179,Song 00179,A0042,metal,112514
S00180,Song 00180,A0371,reggaeton,168011
S00181,Song 00181,A0159,latin,149095
S00182,Song 00182,A0317,country,187650
S00183,Song 00183,A0135,indie_rock,424416
S00184,Song 00184,A0347,pop,153005
S00185,Song 00185,A0097,rock,202405
S00186,Song 00186,A0225,jazz,185522
S00187,Song 00187,A0005,latin,170604
S00188,Song 00188,A0304,latin,274008
S00189,Song 00189,A0164,classical,191337
S00190,Song 00190,A0383,jazz,290515
S00191,Song 00191,A0376,rock,313150
S00192,Song 00192,A0176,classical,190260
S00193,Song 00193,A0371,reggaeton,312978
S00194,Song 00194,A0281,latin,145264
S00195,Song 00195,A0343,indie_rock,243846
S00196,Song 00196,A0382,metal,289720
S00197,Song 00197,A0149,electronic,156944
S00198,Song 00198,A0097,rock,219532
S00199,Song 00199,A0021,electronic,254767
S00200,Song 00200,A0029,latin,261421
S00201,Song 00201,A0321,reggaeton,246446
S00202,Song 00202,A0193,jazz,353158
S00203,Song 00203,A0239,pop,214923
S00204,Song 00204,A0357,indie_rock,302287
S00205,Song 00205,A0305,electronic,362017
S00206,Song 00206,A0209,classical,184503
S00207,Song 00207,A0018,country,197293
S00208,Song 00208,A0083,indie_rock,157425
S00209,Song 00209,A0193,jazz,270654
S00210,Song 00210,A0395,electronic,316532
S00211,Song 00211,A0302,electronic,111494
S00212,Song 00212,A0189,r_and_b,164607
S00213,Song 00213,A0098,country,184995
S00214,Song 00214,A0175,classical,369093
S00215,Song 00215,A0129,electronic,200910
S00216,Song 00216,A0030,latin,249822
S00217,Song 00217,A0027,rock,146966
S00218,Song 00218,A0173,metal,281950
S00219,Song 00219,A0072,latin,157194
S00220,Song 00220,A0392,rock,220942
S00221,Song 00221,A0224,electronic,158322
S00222,Song 00222,A0174,jazz,219399
S00223,Song 00223,A0354,pop,215888
S00224,Song 00224,A0312,pop,239940
S00225,Song 00225,A0126,country,239058
S00226,Song 00226,A0372,hip_hop,342709
S00227,Song 00227,A0227,reggaeton,177969
S00228,Song 00228,A0001,metal,311817
S00229,Song 00229,A0031,latin,246197
S00230,Song 00230,A0277,electronic,214315
S00231,Song 00231,A0100,electronic,245695
S00232,Song 00232,A0058,electronic,242335
S00233,Song 00233,A0348,classical,280811
S00234,Song 00234,A0204,rock,278591
S00235,Song 00235,A0291,rock,265701
S00236,Song 00236,A0342,classical,243012
S00237,Song 00237,A0219,country,123416
S00238,Song 00238,A0144,pop,281519
S00239,Song 00239,A0396,country,298303
S00240,Song 00240,A0288,jazz,250608
S00241,Song 00241,A0339,hip_hop,246072
S00242,Song 00242,A0115,hip_hop,171861
S00243,Song 00243,A0098,country,244354
S00244,Song 00244,A0239,pop,282284
S00245,Song 00245,A0284,latin,141591
S00246,Song 00246,A0293,pop,195981
S00247,Song 00247,A0322,r_and_b,191779
S00248,Song 00248,A0217,r_and_b,305929
S00249,Song 00249,A0220,hip_hop,196404
S00250,Song 00250,A0130,hip_hop,108301
S00251,Song 00251,A0200,classical,234459
S00252,Song 00252,A0296,country,310089
S00253,Song 00253,A0336,reggaeton,214075
S00254,Song 00254,A0056,latin,196240
S00255,Song 00255,A0164,classical,238205
S00256,Song 00256,A0133,metal,333389
S00257,Song 00257,A0212,jazz,207609
S00258,Song 00258,A0315,pop,207338
S00259,Song 00259,A0114,electronic,251050
S00260,Song 00260,A0201,r_and_b,174118
S00261,Song 00261,A0112,hip_hop,114866
S00262,Song 00262,A0038,indie_rock,233747
S00263,Song 00263,A0045,indie_rock,200863
S00264,Song 00264,A0272,r_and_b,247327
S00265,Song 00265,A0167,jazz,232865
S00266,Song 00266,A0367,pop,258151
S00267,Song 00267,A0013,classical,154384
S00268,Song 00268,A0069,pop,244938
S00269,Song 00269,A0054,jazz,165249
S00270,Song 00270,A0368,indie_rock,246617
S00271,Song 00271,A0183,jazz,196079
S00272,Song 00272,A0002,latin,332075
S00273,Song 00273,A0318,hip_hop,166553
S00274,Song 00274,A0382,metal,77584
S00275,Song 00275,A0323,hip_hop,231638
S00276,Song 00276,A0244,jazz,193653
S00277,Song 00277,A0008,pop,163776
S00278,Song 00278,A0104,pop,236768
S00279,Song 00279,A0370,country,328752
S00280,Song 00280,A0066,latin,212162
S00281,Song 00281,A0268,electronic,177436
S00282,Song 00282,A0175,classical,313541
S00283,Song 00283,A0337,pop,294614
S00284,Song 00284,A0173,metal,222924
S00285,Song 00285,A0261,classical,186610
S00286,Song 00286,A0203,classical,267434
S00287,Song 00287,A0286,indie_rock,176549
S00288,Song 00288,A0207,indie_rock,180639
S00289,Song 00289,A0385,latin,168291
S00290,Song 00290,A0035,jazz,255057
S00291,Song 00291,A0098,country,317245
S00292,Song 00292,A0100,electronic,224193
S00293,Song 00293,A0109,pop,334029
S00294,Song 00294,A0059,indie_rock,93849
S00295,Song 00295,A0001,metal,218015
S00296,Song 00296,A0328,electronic,109915
S00297,Song 00297,A0319,latin,276748
S00298,Song 00298,A0061,rock,301705
S00299,Song 00299,A0036,latin,104441
S00300,Song 00300,A0267,country,169495
S00301,Song 00301,A0061,rock,221952
S00302,Song 00302,A0036,latin,122253
S00303,Song 00303,A0064,classical,161029
S00304,Song 00304,A0262,country,152115
S00305,Song 00305,A0394,classical,220474
S00306,Song 00306,A0174,jazz,166839
S00307,Song 00307,A0255,classical,141102
S00308,Song 00308,A0202,rock,162755
S00309,Song 00309,A0007,latin,206180
S00310,Song 00310,A0300,r_and_b,217710
S00311,Song 00311,A0022,country,200156
S00312,Song 00312,A0125,country,289630
S00313,Song 00313,A0112,hip_hop,188689
S00314,Song 00314,A0279,metal,218497
S00315,Song 00315,A0027,rock,250559
S00316,Song 00316,A0366,latin,190109
S00317,Song 00317,A0287,indie_rock,297871
S00318,Song 00318,A0295,hip_hop,261641
S00319,Song 00319,A0086,indie_rock,263354
S00320,Song 00320,A0240,country,156975
S00321,Song 00321,A0136,electronic,204626
S00322,Song 00322,A0277,electronic,249650
S00323,Song 00323,A0271,latin,280969
S00324,Song 00324,A0357,indie_rock,174205
S00325,Song 00325,A0253,country,181453
S00326,Song 00326,A0011,hip_hop,130351
S00327,Song 00327,A0079,electronic,119019
S00328,Song 00328,A0398,jazz,284272
S00329,Song 00329,A0311,pop,214569
S00330,Song 00330,A0187,rock,250437
S00331,Song 00331,A0156,metal,284778
S00332,Song 00332,A0358,latin,214590
S00333,Song 00333,A0055,electronic,223723
S00334,Song 00334,A0024,reggaeton,150925
S00335,Song 00335,A0285,metal,178687
S00336,Song 00336,A0114,electronic,244346
S00337,Song 00337,A0247,pop,305840
S00338,Song 00338,A0224,electronic,282466
S00339,Song 00339,A0269,pop,173991
S00340,Song 00340,A0228,r_and_b,169321
S00341,Song 00341,A0303,hip_hop,262572
S00342,Song 00342,A0376,rock,248946
S00343,Song 00343,A0240,country,252974
S00344,Song 00344,A0127,rock,235330
S00345,Song 00345,A0016,indie_rock,299918
S00346,Song 00346,A0096,latin,236916
S00347,Song 00347,A0272,r_and_b,311314
S00348,Song 00348,A0254,jazz,254292
S00349,Song 00349,A0165,classical,221524
S00350,Song 00350,A0066,latin,149759
S00351,Song 00351,A0388,hip_hop,240936
S00352,Song 00352,A0366,latin,277430
S00353,Song 00353,A0276,r_and_b,232218
S00354,Song 00354,A0094,indie_rock,159612
S00355,Song 00355,A0198,latin,103721
S00356,Song 00356,A0002,latin,203224
S00357,Song 00357,A0129,electronic,332467
S00358,Song 00358,A0251,r_and_b,150322
S00359,Song 00359,A0400,metal,191524
S00360,Song 00360,A0091,latin,231697
S00361,Song 00361,A0185,country,282075
S00362,Song 00362,A0366,latin,159335
S00363,Song 00363,A0373,rock,223796
S00364,Song 00364,A0042,metal,239692
S00365,Song 00365,A0318,hip_hop,147153
S00366,Song 00366,A0201,r_and_b,246714
S00367,Song 00367,A0212,jazz,156272
S00368,Song 00368,A0241,metal,231686
S00369,Song 00369,A0395,electronic,260505
S00370,Song 00370,A0199,jazz,226570
S00371,Song 00371,A0204,rock,142733
S00372,Song 00372,A0025,country,264748
S00373,Song 00373,A0119,rock,266528
S00374,Song 00374,A0208,hip_hop,230713
S00375,Song 00375,A0080,indie_rock,272755
S00376,Song 00376,A0052,reggaeton,192278
S00377,Song 00377,A0207,indie_rock,168925
S00378,Song 00378,A0018,country,209739
S00379,Song 00379,A0391,classical,251465
S00380,Song 00380,A0363,electronic,277327
S00381,Song 00381,A0216,metal,177387
S00382,Song 00382,A0105,hip_hop,234487
S00383,Song 00383,A0102,metal,231365
S00384,Song 00384,A0029,latin,190089
S00385,Song 00385,A0314,latin,93767
S00386,Song 00386,A0005,latin,113023
S00387,Song 00387,A0023,pop,279360
S00388,Song 00388,A0346,latin,124594
S00389,Song 00389,A0394,classical,106638
S00390,Song 00390,A0343,indie_rock,128311
S00391,Song 00391,A0169,country,197606
S00392,Song 00392,A0298,electronic,299736
S00393,Song 00393,A0165,classical,242281
S00394,Song 00394,A0317,country,188623
S00395,Song 00395,A0032,electronic,198908
S00396,Song 00396,A0112,hip_hop,246129
S00397,Song 00397,A0289,metal,221789
S00398,Song 00398,A0234,pop,108127
S00399,Song 00399,A0359,electronic,295438
S00400,Song 00400,A0295,hip_hop,276641
S00401,Song 00401,A0349,hip_hop,151893
S00402,Song 00402,A0100,electronic,204189
S00403,Song 00403,A0328,electronic,246695
S00404,Song 00404,A0293,pop,237066
S00405,Song 00405,A0124,latin,198629
S00406,Song 00406,A0319,latin,224348
S00407,Song 00407,A0051,reggaeton,334074
S00408,Song 00408,A0209,classical,201199
S00409,Song 00409,A0281,latin,282325
S00410,Song 00410,A0258,reggaeton,236691
S00411,Song 00411,A0076,metal,148475
S00412,Song 00412,A0011,hip_hop,261627
S00413,Song 00413,A0019,indie_rock,243866
S00414,Song 00414,A0151,electronic,295127
S00415,Song 00415,A0373,rock,322766
S00416,Song 00416,A0129,electronic,288787
S00417,Song 00417,A0221,electronic,242768
S00418,Song 00418,A0144,pop,256498
S00419,Song 00419,A0020,jazz,275931
S00420,Song 00420,A0370,country,172470
S00421,Song 00421,A0369,electronic,159917
S00422,Song 00422,A0377,indie_rock,271776
S00423,Song 00423,A0379,rock,152516
S00424,Song 00424,A0024,reggaeton,205327
S00425,Song 00425,A0334,hip_hop,335253
S00426,Song 00426,A0234,pop,280189
S00427,Song 00427,A0387,r_and_b,300983
S00428,Song 00428,A0080,indie_rock,220349
S00429,Song 00429,A0160,metal,295160
S00430,Song 00430,A0261,classical,169859
S00431,Song 00431,A0111,latin,171622
S00432,Song 00432,A0390,country,211267
S00433,Song 00433,A0378,pop,177705
S00434,Song 00434,A0058,electronic,303146
S00435,Song 00435,A0140,latin,211202
S00436,Song 00436,A0155,latin,147709
S00437,Song 00437,A0140,latin,277353
S00438,Song 00438,A0137,country,266210
S00439,Song 00439,A0248,electronic,295596
S00440,Song 00440,A0284,latin,146162
S00441,Song 00441,A0350,rock,166926
S00442,Song 00442,A0326,country,78399
S00443,Song 00443,A0069,pop,243921
S00444,Song 00444,A0019,indie_rock,214959
S00445,Song 00445,A0109,pop,183864
S00446,Song 00446,A0083,indie_rock,304280
S00447,Song 00447,A0096,latin,171529
S00448,Song 00448,A0149,electronic,187334
S00449,Song 00449,A0148,classical,163299
S00450,Song 00450,A0385,latin,153960
S00451,Song 00451,A0027,rock,214991
S00452,Song 00452,A0305,electronic,205811
S00453,Song 00453,A0003,country,194804
S00454,Song 00454,A0251,r_and_b,146741
S00455,Song 00455,A0062,jazz,131831
S00456,Song 00456,A0387,r_and_b,178007
S00457,Song 00457,A0370,country,211715
S00458,Song 00458,A0159,latin,160546
S00459,Song 00459,A0247,pop,188249
S00460,Song 00460,A0321,reggaeton,192840
S00461,Song 00461,A0023,pop,155864
S00462,Song 00462,A0100,electronic,120185
S00463,Song 00463,A0065,country,205436
S00464,Song 00464,A0105,hip_hop,315350
S00465,Song 00465,A0309,reggaeton,245853
S00466,Song 00466,A0367,pop,208355
S00467,Song 00467,A0262,country,171933
S00468,Song 00468,A0328,electronic,176048
S00469,Song 00469,A0296,country,283980
S00470,Song 00470,A0250,metal,145047
S00471,Song 00471,A0147,indie_rock,330580
S00472,Song 00472,A0064,classical,222163
S00473,Song 00473,A0125,country,239150
S00474,Song 00474,A0126,country,198148
S00475,Song 00475,A0094,indie_rock,281566
S00476,Song 00476,A0371,reggaeton,280412
S00477,Song 00477,A0257,classical,175257
S00478,Song 00478,A0183,jazz,337667
S00479,Song 00479,A0290,r_and_b,234274
S00480,Song 00480,A0018,country,128150
S00481,Song 00481,A0328,electronic,253784
S00482,Song 00482,A0094,indie_rock,243252
S00483,Song 00483,A0322,r_and_b,234623
S00484,Song 00484,A0236,hip_hop,277802
S00485,Song 00485,A0294,metal,292052
S00486,Song 00486,A0345,jazz,147997
S00487,Song 00487,A0317,country,210013
S00488,Song 00488,A0183,jazz,213887
S00489,Song 00489,A0311,pop,225656
S00490,Song 00490,A0100,electronic,109549
S00491,Song 00491,A0069,pop,238859
S00492,Song 00492,A0318,hip_hop,226809
S00493,Song 00493,A0090,electronic,344654
S00494,Song 00494,A0125,country,169005
S00495,Song 00495,A0175,classical,191975
S00496,Song 00496,A0108,jazz,251345
S00497,Song 00497,A0190,metal,222225
S00498,Song 00498,A0232,classical,278463
S00499,Song 00499,A0309,reggaeton,299725
S00500,Song 00500,A0207,indie_rock,166713
S00501,Song 00501,A0165,classical,229692
S00502,Song 00502,A0346,latin,264095
S00503,Song 00503,A0328,electronic,175155
S00504,Song 00504,A0182,pop,364508
S00505,Song 00505,A0394,classical,241948
S00506,Song 00506,A0259,electronic,233285
S00507,Song 00507,A0371,reggaeton,126322
S00508,Song 00508,A0184,electronic,179516
S00509,Song 00509,A0237,metal,95910
S00510,Song 00510,A0271,latin,265036
S00511,Song 00511,A0184,electronic,171532
S00512,Song 00512,A0361,r_and_b,226344
S00513,Song 00513,A0261,classical,245452
S00514,Song 00514,A0039,reggaeton,233783
S00515,Song 00515,A0033,metal,195138
S00516,Song 00516,A0358,latin,268217
S00517,Song 00517,A0094,indie_rock,149595
S00518,Song 00518,A0361,r_and_b,101267
S00519,Song 00519,A0258,reggaeton,126191
S00520,Song 00520,A0145,pop,267569
S00521,Song 00521,A0302,electronic,309024
S00522,Song 00522,A0002,latin,176349
S00523,Song 00523,A0298,electronic,184010
S00524,Song 00524,A0184,electronic,244104
S00525,Song 00525,A0370,country,132969
S00526,Song 00526,A0271,latin,185838
S00527,Song 00527,A0374,electronic,125835
S00528,Song 00528,A0081,r_and_b,220591
S00529,Song 00529,A0159,latin,30327
S00530,Song 00530,A0074,reggaeton,119442
S00531,Song 00531,A0268,electronic,104445
S00532,Song 00532,A0146,r_and_b,210789
S00533,Song 00533,A0013,classical,246045
S00534,Song 00534,A0360,reggaeton,212751
S00535,Song 00535,A0167,jazz,346561
S00536,Song 00536,A0240,country,217521
S00537,Song 00537,A0263,electronic,153698
S00538,Song 00538,A0280,latin,185423
S00539,Song 00539,A0233,metal,257606
S00540,Song 00540,A0236,hip_hop,244340
S00541,Song 00541,A0006,latin,352957
S00542,Song 00542,A0271,latin,228320
S00543,Song 00543,A0072,latin,155509
S00544,Song 00544,A0175,classical,145474
S00545,Song 00545,A0335,classical,266753
S00546,Song 00546,A0200,classical,37052
S00547,Song 00547,A0310,r_and_b,240559
S00548,Song 00548,A0043,electronic,269531
S00549,Song 00549,A0345,jazz,186959
S00550,Song 00550,A0399,latin,231163
S00551,Song 00551,A0048,rock,299387
S00552,Song 00552,A0068,jazz,311111
S00553,Song 00553,A0279,metal,304518
S00554,Song 00554,A0327,indie_rock,279164
S00555,Song 00555,A0133,metal,205866
S00556,Song 00556,A0254,jazz,140089
S00557,Song 00557,A0103,indie_rock,80718
S00558,Song 00558,A0301,latin,330479
S00559,Song 00559,A0144,pop,283074
S00560,Song 00560,A0212,jazz,134364
S00561,Song 00561,A0317,country,286757
S00562,Song 00562,A0221,electronic,188786
S00563,Song 00563,A0124,latin,183055
S00564,Song 00564,A0138,country,138628
S00565,Song 00565,A0217,r_and_b,349568
S00566,Song 00566,A0032,electronic,128152
S00567,Song 00567,A0323,hip_hop,143668
S00568,Song 00568,A0252,classical,261492
S00569,Song 00569,A0011,hip_hop,270056
S00570,Song 00570,A0246,country,250404
S00571,Song 00571,A0186,reggaeton,150428
S00572,Song 00572,A0133,metal,203807
S00573,Song 00573,A0066,latin,161118
S00574,Song 00574,A0368,indie_rock,184991
S00575,Song 00575,A0172,classical,333890
S00576,Song 00576,A0372,hip_hop,235300
S00577,Song 00577,A0381,r_and_b,268472
S00578,Song 00578,A0147,indie_rock,159175
S00579,Song 00579,A0132,r_and_b,182646
S00580,Song 00580,A0185,country,246706
S00581,Song 00581,A0397,rock,295721
S00582,Song 00582,A0086,indie_rock,207789
S00583,Song 00583,A0062,jazz,314797
S00584,Song 00584,A0289,metal,373276
S00585,Song 00585,A0325,metal,102378
S00586,Song 00586,A0078,reggaeton,218797
S00587,Song 00587,A0191,r_and_b,260995
S00588,Song 00588,A0127,rock,204199
S00589,Song 00589,A0004,jazz,326434
S00590,Song 00590,A0383,jazz,226098
S00591,Song 00591,A0351,r_and_b,240385
S00592,Song 00592,A0062,jazz,115003
S00593,Song 00593,A0210,r_and_b,282525
S00594,Song 00594,A0359,electronic,197027
S00595,Song 00595,A0222,hip_hop,246334
S00596,Song 00596,A0224,electronic,200800
S00597,Song 00597,A0042,metal,172859
S00598,Song 00598,A0080,indie_rock,206556
S00599,Song 00599,A0232,classical,135206
S00600,Song 00600,A0324,classical,201311
S00601,Song 00601,A0054,jazz,288994
S00602,Song 00602,A0234,pop,278600
S00603,Song 00603,A0153,rock,154557
S00604,Song 00604,A0312,pop,271153
S00605,Song 00605,A0219,country,192139
S00606,Song 00606,A0151,electronic,175247
S00607,Song 00607,A0054,jazz,255349
S00608,Song 00608,A0125,country,263407
S00609,Song 00609,A0143,latin,176348
S00610,Song 00610,A0045,indie_rock,277580
S00611,Song 00611,A0334,hip_hop,216381
S00612,Song 00612,A0052,reggaeton,356509
S00613,Song 00613,A0022,country,120836
S00614,Song 00614,A0207,indie_rock,201944
S00615,Song 00615,A0002,latin,198863
S00616,Song 00616,A0159,latin,162321
S00617,Song 00617,A0120,reggaeton,129328
S00618,Song 00618,A0024,reggaeton,297100
S00619,Song 00619,A0299,pop,236157
S00620,Song 00620,A0076,metal,128140
S00621,Song 00621,A0144,pop,181798
S00622,Song 00622,A0195,classical,192735
S00623,Song 00623,A0199,jazz,238717
S00624,Song 00624,A0020,jazz,153709
S00625,Song 00625,A0192,reggaeton,313592
S00626,Song 00626,A0004,jazz,219202
S00627,Song 00627,A0247,pop,310778
S00628,Song 00628,A0267,country,253824
S00629,Song 00629,A0119,rock,201471
S00630,Song 00630,A0037,classical,207615
S00631,Song 00631,A0155,latin,244560
S00632,Song 00632,A0167,jazz,229581
S00633,Song 00633,A0359,electronic,236258
S00634,Song 00634,A0374,electronic,269142
S00635,Song 00635,A0104,pop,299218
S00636,Song 00636,A0037,classical,153719
S00637,Song 00637,A0285,metal,113711
S00638,Song 00638,A0157,electronic,160032
S00639,Song 00639,A0389,metal,298831
S00640,Song 00640,A0079,electronic,207334
S00641,Song 00641,A0057,country,178498
S00642,Song 00642,A0317,country,242062
S00643,Song 00643,A0038,indie_rock,266903
S00644,Song 00644,A0207,indie_rock,147052
S00645,Song 00645,A0338,r_and_b,155470
S00646,Song 00646,A0034,latin,216330
S00647,Song 00647,A0093,latin,212375
S00648,Song 00648,A0304,latin,171249
S00649,Song 00649,A0159,latin,365928
S00650,Song 00650,A0369,electronic,299629
S00651,Song 00651,A0135,indie_rock,209068
S00652,Song 00652,A0316,metal,262676
S00653,Song 00653,A0173,metal,141115
S00654,Song 00654,A0089,reggaeton,279532
S00655,Song 00655,A0293,pop,206948
S00656,Song 00656,A0396,country,173727
S00657,Song 00657,A0101,jazz,130574
S00658,Song 00658,A0271,latin,272724
S00659,Song 00659,A0085,jazz,223922
S00660,Song 00660,A0152,jazz,181374
S00661,Song 00661,A0348,classical,284517
S00662,Song 00662,A0036,latin,202797
S00663,Song 00663,A0048,rock,236109
S00664,Song 00664,A0212,jazz,188176
S00665,Song 00665,A0274,pop,245784
S00666,Song 00666,A0032,electronic,143976
S00667,Song 00667,A0095,r_and_b,192597
S00668,Song 00668,A0053,country,222242
S00669,Song 00669,A0256,classical,165477
S00670,Song 00670,A0262,country,183092
S00671,Song 00671,A0368,indie_rock,265512
S00672,Song 00672,A0300,r_and_b,187374
S00673,Song 00673,A0272,r_and_b,287190
S00674,Song 00674,A0247,pop,246309
S00675,Song 00675,A0144,pop,220459
S00676,Song 00676,A0180,indie_rock,122389
S00677,Song 00677,A0321,reggaeton,316582
S00678,Song 00678,A0335,classical,314154
S00679,Song 00679,A0178,pop,238716
S00680,Song 00680,A0344,r_and_b,228900
S00681,Song 00681,A0226,country,224436
S00682,Song 00682,A0015,jazz,193166
S00683,Song 00683,A0199,jazz,203809
S00684,Song 00684,A0295,hip_hop,246215
S00685,Song 00685,A0049,jazz,122764
S00686,Song 00686,A0324,classical,217060
S00687,Song 00687,A0389,metal,246483
S00688,Song 00688,A0243,electronic,106096
S00689,Song 00689,A0187,rock,176740
S00690,Song 00690,A0172,classical,118517
S00691,Song 00691,A0367,pop,125864
S00692,Song 00692,A0310,r_and_b,254170
S00693,Song 00693,A0374,electronic,141891
S00694,Song 00694,A0012,electronic,388089
S00695,Song 00695,A0239,pop,205309
S00696,Song 00696,A0361,r_and_b,163838
S00697,Song 00697,A0086,indie_rock,198383
S00698,Song 00698,A0215,pop,215733
S00699,Song 00699,A0082,metal,235605
S00700,Song 00700,A0235,metal,237185
S00701,Song 00701,A0295,hip_hop,236423
S00702,Song 00702,A0266,r_and_b,287044
S00703,Song 00703,A0062,jazz,294256
S00704,Song 00704,A0188,rock,221761
S00705,Song 00705,A0055,electronic,241341
S00706,Song 00706,A0119,rock,169280
S00707,Song 00707,A0152,jazz,178434
S00708,Song 00708,A0100,electronic,193242
S00709,Song 00709,A0120,reggaeton,304819
S00710,Song 00710,A0067,jazz,172383
S00711,Song 00711,A0103,indie_rock,230934
S00712,Song 00712,A0006,latin,226126
S00713,Song 00713,A0193,jazz,269778
S00714,Song 00714,A0343,indie_rock,179646
S00715,Song 00715,A0199,jazz,193382
S00716,Song 00716,A0390,country,288586
S00717,Song 00717,A0193,jazz,235602
S00718,Song 00718,A0276,r_and_b,184825
S00719,Song 00719,A0226,country,295425
S00720,Song 00720,A0123,rock,227320
S00721,Song 00721,A0350,rock,186815
S00722,Song 00722,A0161,classical,279374
S00723,Song 00723,A0268,electronic,334700
S00724,Song 00724,A0325,metal,194505
S00725,Song 00725,A0392,rock,156328
S00726,Song 00726,A0191,r_and_b,68143
S00727,Song 00727,A0334,hip_hop,338671
S00728,Song 00728,A0157,electronic,185665
S00729,Song 00729,A0198,latin,200902
S00730,Song 00730,A0312,pop,156044
S00731,Song 00731,A0294,metal,208953
S00732,Song 00732,A0110,r_and_b,152878
S00733,Song 00733,A0156,metal,319228
S00734,Song 00734,A0044,latin,265926
S00735,Song 00735,A0082,metal,186084
S00736,Song 00736,A0159,latin,141974
S00737,Song 00737,A0260,rock,258836
S00738,Song 00738,A0354,pop,166809
S00739,Song 00739,A0155,latin,303672
S00740,Song 00740,A0399,latin,239415
S00741,Song 00741,A0335,classical,218846
S00742,Song 00742,A0089,reggaeton,144077
S00743,Song 00743,A0377,indie_rock,237187
S00744,Song 00744,A0313,electronic,135910
S00745,Song 00745,A0383,jazz,296275
S00746,Song 00746,A0042,metal,93975
S00747,Song 00747,A0122,reggaeton,198133
S00748,Song 00748,A0264,latin,374030
S00749,Song 00749,A0287,indie_rock,189112
S00750,Song 00750,A0049,jazz,268821
S00751,Song 00751,A0193,jazz,289935
S00752,Song 00752,A0087,classical,244557
S00753,Song 00753,A0229,reggaeton,213732
S00754,Song 00754,A0313,electronic,288446
S00755,Song 00755,A0091,latin,291123
S00756,Song 00756,A0045,indie_rock,186539
S00757,Song 00757,A0153,rock,324818
S00758,Song 00758,A0207,indie_rock,307636
S00759,Song 00759,A0196,classical,157919
S00760,Song 00760,A0137,country,257162
S00761,Song 00761,A0299,pop,260185
S00762,Song 00762,A0397,rock,233950
S00763,Song 00763,A0138,country,184287
S00764,Song 00764,A0306,r_and_b,146617
S00765,Song 00765,A0344,r_and_b,256708
S00766,Song 00766,A0114,electronic,121263
S00767,Song 00767,A0001,metal,187561
S00768,Song 00768,A0394,classical,99251
S00769,Song 00769,A0385,latin,178912
S00770,Song 00770,A0255,classical,234733
S00771,Song 00771,A0242,electronic,132729
S00772,Song 00772,A0063,jazz,274647
S00773,Song 00773,A0050,reggaeton,284913
S00774,Song 00774,A0115,hip_hop,251707
S00775,Song 00775,A0390,country,267205
S00776,Song 00776,A0325,metal,319586
S00777,Song 00777,A0068,jazz,273135
S00778,Song 00778,A0384,rock,115992
S00779,Song 00779,A0130,hip_hop,215339
S00780,Song 00780,A0015,jazz,171129
S00781,Song 00781,A0213,classical,227095
S00782,Song 00782,A0229,reggaeton,116646
S00783,Song 00783,A0280,latin,228908
S00784,Song 00784,A0080,indie_rock,208620
S00785,Song 00785,A0256,classical,259715
S00786,Song 00786,A0283,latin,163250
S00787,Song 00787,A0043,electronic,208167
S00788,Song 00788,A0002,latin,88961
S00789,Song 00789,A0130,hip_hop,214341
S00790,Song 00790,A0297,r_and_b,221454
S00791,Song 00791,A0060,indie_rock,138608
S00792,Song 00792,A0215,pop,224236
S00793,Song 00793,A0360,reggaeton,135865
S00794,Song 00794,A0255,classical,253971
S00795,Song 00795,A0324,classical,170649
S00796,Song 00796,A0193,jazz,196327
S00797,Song 00797,A0210,r_and_b,329343
S00798,Song 00798,A0270,classical,259751
S00799,Song 00799,A0131,pop,320964
S00800,Song 00800,A0334,hip_hop,289824
S00801,Song 00801,A0202,rock,217621
S00802,Song 00802,A0030,latin,324325
S00803,Song 00803,A0334,hip_hop,241908
S00804,Song 00804,A0137,country,224126
S00805,Song 00805,A0356,metal,196898
S00806,Song 00806,A0080,indie_rock,148788
S00807,Song 00807,A0030,latin,260225
S00808,Song 00808,A0184,electronic,211055
S00809,Song 00809,A0066,latin,254386
S00810,Song 00810,A0242,electronic,218722
S00811,Song 00811,A0033,metal,265208
S00812,Song 00812,A0163,pop,188776
S00813,Song 00813,A0002,latin,242614
S00814,Song 00814,A0315,pop,292348
S00815,Song 00815,A0160,metal,310619
S00816,Song 00816,A0005,latin,228264
S00817,Song 00817,A0021,electronic,168576
S00818,Song 00818,A0065,country,323983
S00819,Song 00819,A0145,pop,308927
S00820,Song 00820,A0055,electronic,188762
S00821,Song 00821,A0076,metal,314442
S00822,Song 00822,A0037,classical,266066
S00823,Song 00823,A0236,hip_hop,173739
S00824,Song 00824,A0242,electronic,241499
S00825,Song 00825,A0304,latin,153894
S00826,Song 00826,A0275,indie_rock,209202
S00827,Song 00827,A0207,indie_rock,207526
S00828,Song 00828,A0145,pop,228564
S00829,Song 00829,A0010,classical,303222
S00830,Song 00830,A0283,latin,139013
S00831,Song 00831,A0004,jazz,36566
S00832,Song 00832,A0145,pop,276660
S00833,Song 00833,A0156,metal,213438
S00834,Song 00834,A0235,metal,292202
S00835,Song 00835,A0020,jazz,286458
S00836,Song 00836,A0017,metal,338824
S00837,Song 00837,A0181,latin,105776
S00838,Song 00838,A0138,country,331680
S00839,Song 00839,A0155,latin,229679
S00840,Song 00840,A0024,reggaeton,201094
S00841,Song 00841,A0172,classical,332741
S00842,Song 00842,A0302,electronic,311764
S00843,Song 00843,A0089,reggaeton,144502
S00844,Song 00844,A0266,r_and_b,192777
S00845,Song 00845,A0010,classical,325417
S00846,Song 00846,A0343,indie_rock,143496
S00847,Song 00847,A0324,classical,257292
S00848,Song 00848,A0352,classical,266498
S00849,Song 00849,A0307,hip_hop,222111
S00850,Song 00850,A0220,hip_hop,200260
S00851,Song 00851,A0171,jazz,285187
S00852,Song 00852,A0058,electronic,219859
S00853,Song 00853,A0321,reggaeton,170875
S00854,Song 00854,A0121,classical,273904
S00855,Song 00855,A0264,latin,137130
S00856,Song 00856,A0256,classical,203802
S00857,Song 00857,A0010,classical,261588
S00858,Song 00858,A0275,indie_rock,142315
S00859,Song 00859,A0009,reggaeton,327373
S00860,Song 00860,A0282,indie_rock,255287
S00861,Song 00861,A0148,classical,228812
S00862,Song 00862,A0041,hip_hop,166162
S00863,Song 00863,A0100,electronic,244857
S00864,Song 00864,A0050,reggaeton,210649
S00865,Song 00865,A0344,r_and_b,256262
S00866,Song 00866,A0290,r_and_b,195797
S00867,Song 00867,A0369,electronic,249654
S00868,Song 00868,A0034,latin,135343
S00869,Song 00869,A0059,indie_rock,131718
S00870,Song 00870,A0205,jazz,179443
S00871,Song 00871,A0003,country,99042
S00872,Song 00872,A0176,classical,209796
S00873,Song 00873,A0214,electronic,229232
S00874,Song 00874,A0328,electronic,115885
S00875,Song 00875,A0378,pop,210914
S00876,Song 00876,A0036,latin,180444
S00877,Song 00877,A0015,jazz,177299
S00878,Song 00878,A0297,r_and_b,302807
S00879,Song 00879,A0113,country,196946
S00880,Song 00880,A0134,rock,218510
S00881,Song 00881,A0091,latin,181594
S00882,Song 00882,A0273,metal,187561
S00883,Song 00883,A0312,pop,212487
S00884,Song 00884,A0066,latin,222100
S00885,Song 00885,A0227,reggaeton,205180
S00886,Song 00886,A0248,electronic,287710
S00887,Song 00887,A0339,hip_hop,205116
S00888,Song 00888,A0301,latin,215482
S00889,Song 00889,A0279,metal,332345
S00890,Song 00890,A0277,electronic,236553
S00891,Song 00891,A0366,latin,276241
S00892,Song 00892,A0308,electronic,267289
S00893,Song 00893,A0083,indie_rock,198130
S00894,Song 00894,A0246,country,307028
S00895,Song 00895,A0339,hip_hop,240401
S00896,Song 00896,A0207,indie_rock,234001
S00897,Song 00897,A0073,pop,230431
S00898,Song 00898,A0269,pop,249337
S00899,Song 00899,A0215,pop,277703
S00900,Song 00900,A0049,jazz,88437
S00901,Song 00901,A0081,r_and_b,311754
S00902,Song 00902,A0267,country,92988
S00903,Song 00903,A0032,electronic,144756
S00904,Song 00904,A0060,indie_rock,263999
S00905,Song 00905,A0095,r_and_b,211921
S00906,Song 00906,A0188,rock,267020
S00907,Song 00907,A0314,latin,146511
S00908,Song 00908,A0186,reggaeton,225714
S00909,Song 00909,A0258,reggaeton,259828
S00910,Song 00910,A0047,rock,169409
S00911,Song 00911,A0368,indie_rock,176128
S00912,Song 00912,A0087,classical,231891
S00913,Song 00913,A0093,latin,254811
S00914,Song 00914,A0290,r_and_b,62819
S00915,Song 00915,A0264,latin,200048
S00916,Song 00916,A0256,classical,241360
S00917,Song 00917,A0354,pop,316058
S00918,Song 00918,A0194,jazz,149751
S00919,Song 00919,A0354,pop,229710
S00920,Song 00920,A0274,pop,152392
S00921,Song 00921,A0270,classical,160990
S00922,Song 00922,A0156,metal,181910
S00923,Song 00923,A0024,reggaeton,328803
S00924,Song 00924,A0191,r_and_b,258139
S00925,Song 00925,A0282,indie_rock,285317
S00926,Song 00926,A0169,country,216107
S00927,Song 00927,A0312,pop,294111
S00928,Song 00928,A0303,hip_hop,226493
S00929,Song 00929,A0095,r_and_b,271987
S00930,Song 00930,A0027,rock,130262
S00931,Song 00931,A0128,electronic,168766
S00932,Song 00932,A0326,country,269454
S00933,Song 00933,A0050,reggaeton,365564
S00934,Song 00934,A0005,latin,349342
S00935,Song 00935,A0195,classical,160395
S00936,Song 00936,A0130,hip_hop,213608
S00937,Song 00937,A0370,country,209101
S00938,Song 00938,A0390,country,391802
S00939,Song 00939,A0013,classical,178214
S00940,Song 00940,A0091,latin,240040
S00941,Song 00941,A0244,jazz,303431
S00942,Song 00942,A0145,pop,270476
S00943,Song 00943,A0112,hip_hop,143754
S00944,Song 00944,A0067,jazz,355442
S00945,Song 00945,A0187,rock,88334
S00946,Song 00946,A0337,pop,241152
S00947,Song 00947,A0169,country,197261
S00948,Song 00948,A0071,latin,131292
S00949,Song 00949,A0244,jazz,198918
S00950,Song 00950,A0157,electronic,197135
S00951,Song 00951,A0030,latin,146987
S00952,Song 00952,A0138,country,187168
S00953,Song 00953,A0192,reggaeton,207936
S00954,Song 00954,A0085,jazz,232756
S00955,Song 00955,A0033,metal,79511
S00956,Song 00956,A0222,hip_hop,185814
S00957,Song 00957,A0157,electronic,225009
S00958,Song 00958,A0145,pop,287436
S00959,Song 00959,A0242,electronic,294765
S00960,Song 00960,A0377,indie_rock,106056
S00961,Song 00961,A0370,country,181893
S00962,Song 00962,A0184,electronic,237625
S00963,Song 00963,A0144,pop,270557
S00964,Song 00964,A0287,indie_rock,334464
S00965,Song 00965,A0227,reggaeton,201517
S00966,Song 00966,A0011,hip_hop,140174
S00967,Song 00967,A0024,reggaeton,225318
S00968,Song 00968,A0336,reggaeton,238742
S00969,Song 00969,A0120,reggaeton,179940
S00970,Song 00970,A0238,jazz,162118
S00971,Song 00971,A0177,pop,262462
S00972,Song 00972,A0120,reggaeton,137334
S00973,Song 00973,A0086,indie_rock,185135
S00974,Song 00974,A0221,electronic,241591
S00975,Song 00975,A0011,hip_hop,232541
S00976,Song 00976,A0005,latin,226316
S00977,Song 00977,A0283,latin,160413
S00978,Song 00978,A0062,jazz,30000
S00979,Song 00979,A0201,r_and_b,163688
S00980,Song 00980,A0284,latin,263073
S00981,Song 00981,A0118,latin,278989
S00982,Song 00982,A0187,rock,322139
S00983,Song 00983,A0122,reggaeton,255883
S00984,Song 00984,A0359,electronic,313679
S00985,Song 00985,A0095,r_and_b,218410
S00986,Song 00986,A0285,metal,250349
S00987,Song 00987,A0205,jazz,360130
S00988,Song 00988,A0376,rock,176751
S00989,Song 00989,A0278,rock,186618
S00990,Song 00990,A0341,metal,300502
S00991,Song 00991,A0214,electronic,279697
S00992,Song 00992,A0049,jazz,114045
S00993,Song 00993,A0064,classical,309013
S00994,Song 00994,A0339,hip_hop,173186
S00995,Song 00995,A0388,hip_hop,177231
S00996,Song 00996,A0279,metal,290256
S00997,Song 00997,A0269,pop,255217
S00998,Song 00998,A0074,reggaeton,258716
S00999,Song 00999,A0385,latin,317271
S01000,Song 01000,A0058,electronic,287990
S01001,Song 01001,A0335,classical,55984
S01002,Song 01002,A0123,rock,242363
S01003,Song 01003,A0068,jazz,270170
S01004,Song 01004,A0324,classical,223607
S01005,Song 01005,A0121,classical,206298
S01006,Song 01006,A0156,metal,239677
S01007,Song 01007,A0184,electronic,238682
S01008,Song 01008,A0217,r_and_b,219686
S01009,Song 01009,A0112,hip_hop,214877
S01010,Song 01010,A0201,r_and_b,152205
S01011,Song 01011,A0045,indie_rock,229654
S01012,Song 01012,A0253,country,176170
S01013,Song 01013,A0212,jazz,275767
S01014,Song 01014,A0174,jazz,187679
S01015,Song 01015,A0256,classical,195758
S01016,Song 01016,A0028,r_and_b,136295
S01017,Song 01017,A0126,country,203631
S01018,Song 01018,A0385,latin,256794
S01019,Song 01019,A0001,metal,144174
S01020,Song 01020,A0229,reggaeton,294957
S01021,Song 01021,A0023,pop,224903
S01022,Song 01022,A0015,jazz,204701
S01023,Song 01023,A0027,rock,266992
S01024,Song 01024,A0079,electronic,240470
S01025,Song 01025,A0304,latin,91897
S01026,Song 01026,A0377,indie_rock,283350
S01027,Song 01027,A0267,country,258327
S01028,Song 01028,A0384,rock,215103
S01029,Song 01029,A0097,rock,30000
S01030,Song 01030,A0205,jazz,30000
S01031,Song 01031,A0068,jazz,97992
S01032,Song 01032,A0145,pop,269853
S01033,Song 01033,A0015,jazz,279259
S01034,Song 01034,A0176,classical,223698
S01035,Song 01035,A0022,country,213578
S01036,Song 01036,A0135,indie_rock,68384
S01037,Song 01037,A0035,jazz,212854
S01038,Song 01038,A0200,classical,153664
S01039,Song 01039,A0177,pop,203951
S01040,Song 01040,A0249,rock,147871
S01041,Song 01041,A0395,electronic,266751
S01042,Song 01042,A0057,country,195324
S01043,Song 01043,A0147,indie_rock,239200
S01044,Song 01044,A0388,hip_hop,212920
S01045,Song 01045,A0178,pop,168917
S01046,Song 01046,A0086,indie_rock,117091
S01047,Song 01047,A0133,metal,132652
S01048,Song 01048,A0036,latin,156477
S01049,Song 01049,A0315,pop,221644
S01050,Song 01050,A0250,metal,347418
S01051,Song 01051,A0105,hip_hop,242537
S01052,Song 01052,A0144,pop,210070
S01053,Song 01053,A0029,latin,275786
S01054,Song 01054,A0302,electronic,143629
S01055,Song 01055,A0375,latin,236149
S01056,Song 01056,A0074,reggaeton,237111
S01057,Song 01057,A0372,hip_hop,72394
S01058,Song 01058,A0221,electronic,236509
S01059,Song 01059,A0068,jazz,178741
S01060,Song 01060,A0054,jazz,210472
S01061,Song 01061,A0125,country,199505
S01062,Song 01062,A0333,jazz,225934
S01063,Song 01063,A0318,hip_hop,166197
S01064,Song 01064,A0097,rock,273799
S01065,Song 01065,A0080,indie_rock,281610
S01066,Song 01066,A0385,latin,152661
S01067,Song 01067,A0322,r_and_b,232807
S01068,Song 01068,A0092,indie_rock,202346
S01069,Song 01069,A0141,hip_hop,301923
S01070,Song 01070,A0236,hip_hop,166523
S01071,Song 01071,A0301,latin,226809
S01072,Song 01072,A0174,jazz,205555
S01073,Song 01073,A0251,r_and_b,124171
S01074,Song 01074,A0386,classical,288148
S01075,Song 01075,A0366,latin,235849
S01076,Song 01076,A0146,r_and_b,137255
S01077,Song 01077,A0183,jazz,272266
S01078,Song 01078,A0237,metal,281688
S01079,Song 01079,A0258,reggaeton,116064
S01080,Song 01080,A0359,electronic,201586
S01081,Song 01081,A0256,classical,198583
S01082,Song 01082,A0040,classical,203484
S01083,Song 01083,A0272,r_and_b,210667
S01084,Song 01084,A0202,rock,188953
S01085,Song 01085,A0157,electronic,101373
S01086,Song 01086,A0351,r_and_b,218724
S01087,Song 01087,A0110,r_and_b,129955
S01088,Song 01088,A0110,r_and_b,177427
S01089,Song 01089,A0019,indie_rock,249990
S01090,Song 01090,A0054,jazz,339753
S01091,Song 01091,A0120,reggaeton,308871
S01092,Song 01092,A0239,pop,173058
S01093,Song 01093,A0226,country,206019
S01094,Song 01094,A0331,jazz,309801
S01095,Song 01095,A0266,r_and_b,257123
S01096,Song 01096,A0358,latin,279304
S01097,Song 01097,A0004,jazz,168699
S01098,Song 01098,A0200,classical,259887
S01099,Song 01099,A0143,latin,266744
S01100,Song 01100,A0083,indie_rock,314774
S01101,Song 01101,A0269,pop,341332
S01102,Song 01102,A0006,latin,182559
S01103,Song 01103,A0110,r_and_b,318801
S01104,Song 01104,A0160,metal,208812
S01105,Song 01105,A0127,rock,232445
S01106,Song 01106,A0057,country,321602
S01107,Song 01107,A0366,latin,241425
S01108,Song 01108,A0241,metal,263737
S01109,Song 01109,A0200,classical,337465
S01110,Song 01110,A0281,latin,377100
S01111,Song 01111,A0050,reggaeton,274974
S01112,Song 01112,A0278,rock,162985
S01113,Song 01113,A0383,jazz,240787
S01114,Song 01114,A0087,classical,189865
S01115,Song 01115,A0272,r_and_b,201559
S01116,Song 01116,A0397,rock,248528
S01117,Song 01117,A0087,classical,206273
S01118,Song 01118,A0316,metal,222725
S01119,Song 01119,A0048,rock,214619
S01120,Song 01120,A0262,country,210409
S01121,Song 01121,A0117,rock,95750
S01122,Song 01122,A0327,indie_rock,201455
S01123,Song 01123,A0072,latin,206401
S01124,Song 01124,A0383,jazz,318216
S01125,Song 01125,A0056,latin,270332
S01126,Song 01126,A0144,pop,234620
S01127,Song 01127,A0165,classical,178486
S01128,Song 01128,A0321,reggaeton,248686
S01129,Song 01129,A0125,country,120788
S01130,Song 01130,A0174,jazz,258904
S01131,Song 01131,A0206,metal,168993
S01132,Song 01132,A0166,electronic,171319
S01133,Song 01133,A0397,rock,290859
S01134,Song 01134,A0398,jazz,216247
S01135,Song 01135,A0373,rock,205589
S01136,Song 01136,A0063,jazz,137824
S01137,Song 01137,A0122,reggaeton,302083
S01138,Song 01138,A0206,metal,48053
S01139,Song 01139,A0125,country,247476
S01140,Song 01140,A0326,country,234873
S01141,Song 01141,A0292,latin,246066
S01142,Song 01142,A0263,electronic,176191
S01143,Song 01143,A0280,latin,148712
S01144,Song 01144,A0164,classical,333067
S01145,Song 01145,A0134,rock,248103
S01146,Song 01146,A0317,country,278534
S01147,Song 01147,A0317,country,110136
S01148,Song 01148,A0101,jazz,283403
S01149,Song 01149,A0233,metal,316051
S01150,Song 01150,A0213,classical,273154
S01151,Song 01151,A0287,indie_rock,107355
S01152,Song 01152,A0209,classical,141439
S01153,Song 01153,A0371,reggaeton,45736
S01154,Song 01154,A0069,pop,234155
S01155,Song 01155,A0157,electronic,281711
S01156,Song 01156,A0079,electronic,235334
S01157,Song 01157,A0344,r_and_b,183756
S01158,Song 01158,A0349,hip_hop,153288
S01159,Song 01159,A0080,indie_rock,269200
S01160,Song 01160,A0050,reggaeton,147359
S01161,Song 01161,A0172,classical,340091
S01162,Song 01162,A0394,classical,251384
S01163,Song 01163,A0336,reggaeton,309785
S01164,Song 01164,A0141,hip_hop,227612
S01165,Song 01165,A0190,metal,201882
S01166,Song 01166,A0392,rock,251534
S01167,Song 01167,A0170,electronic,165149
S01168,Song 01168,A0293,pop,203641
S01169,Song 01169,A0357,indie_rock,209626
S01170,Song 01170,A0203,classical,154954
S01171,Song 01171,A0204,rock,249934
S01172,Song 01172,A0356,metal,143410
S01173,Song 01173,A0324,classical,89767
S01174,Song 01174,A0050,reggaeton,194151
S01175,Song 01175,A0011,hip_hop,205389
S01176,Song 01176,A0231,metal,192224
S01177,Song 01177,A0002,latin,210825
S01178,Song 01178,A0298,electronic,221378
S01179,Song 01179,A0316,metal,230732
S01180,Song 01180,A0297,r_and_b,214274
S01181,Song 01181,A0196,classical,209463
S01182,Song 01182,A0129,electronic,107121
S01183,Song 01183,A0380,r_and_b,244067
S01184,Song 01184,A0029,latin,279973
S01185,Song 01185,A0088,reggaeton,186973
S01186,Song 01186,A0387,r_and_b,160373
S01187,Song 01187,A0285,metal,273836
S01188,Song 01188,A0371,reggaeton,174892
S01189,Song 01189,A0368,indie_rock,229602
S01190,Song 01190,A0132,r_and_b,250185
S01191,Song 01191,A0088,reggaeton,292060
S01192,Song 01192,A0340,country,423880
S01193,Song 01193,A0151,electronic,207496
S01194,Song 01194,A0065,country,30000
S01195,Song 01195,A0318,hip_hop,229839
S01196,Song 01196,A0119,rock,170866
S01197,Song 01197,A0221,electronic,264932
S01198,Song 01198,A0396,country,247023
S01199,Song 01199,A0140,latin,283319
S01200,Song 01200,A0049,jazz,220922
S01201,Song 01201,A0383,jazz,282611
S01202,Song 01202,A0242,electronic,189679
S01203,Song 01203,A0002,latin,272305
S01204,Song 01204,A0300,r_and_b,149174
S01205,Song 01205,A0185,country,161062
S01206,Song 01206,A0330,hip_hop,213623
S01207,Song 01207,A0379,rock,263194
S01208,Song 01208,A0378,pop,156419
S01209,Song 01209,A0012,electronic,220114
S01210,Song 01210,A0034,latin,261874
S01211,Song 01211,A0397,rock,266052
S01212,Song 01212,A0295,hip_hop,144004
S01213,Song 01213,A0233,metal,342443
S01214,Song 01214,A0271,latin,194783
S01215,Song 01215,A0349,hip_hop,246799
S01216,Song 01216,A0208,hip_hop,319821
S01217,Song 01217,A0361,r_and_b,169593
S01218,Song 01218,A0112,hip_hop,92539
S01219,Song 01219,A0053,country,300166
S01220,Song 01220,A0345,jazz,124525
S01221,Song 01221,A0273,metal,229659
S01222,Song 01222,A0150,indie_rock,161977
S01223,Song 01223,A0040,classical,347286
S01224,Song 01224,A0272,r_and_b,244899
S01225,Song 01225,A0294,metal,337158
S01226,Song 01226,A0138,country,255983
S01227,Song 01227,A0090,electronic,184878
S01228,Song 01228,A0183,jazz,280773
S01229,Song 01229,A0172,classical,152834
S01230,Song 01230,A0394,classical,182988
S01231,Song 01231,A0011,hip_hop,281472
S01232,Song 01232,A0090,electronic,271081
S01233,Song 01233,A0374,electronic,157103
S01234,Song 01234,A0342,classical,209565
S01235,Song 01235,A0209,classical,206537
S01236,Song 01236,A0033,metal,135347
S01237,Song 01237,A0237,metal,296229
S01238,Song 01238,A0387,r_and_b,136207
S01239,Song 01239,A0012,electronic,212123
S01240,Song 01240,A0259,electronic,217611
S01241,Song 01241,A0309,reggaeton,224438
S01242,Song 01242,A0142,indie_rock,30000
S01243,Song 01243,A0197,pop,229706
S01244,Song 01244,A0324,classical,177666
S01245,Song 01245,A0077,rock,306611
S01246,Song 01246,A0304,latin,120292
S01247,Song 01247,A0008,pop,284204
S01248,Song 01248,A0389,metal,255804
S01249,Song 01249,A0009,reggaeton,165117
S01250,Song 01250,A0286,indie_rock,233514
S01251,Song 01251,A0173,metal,263307
S01252,Song 01252,A0315,pop,132686
S01253,Song 01253,A0379,rock,101531
S01254,Song 01254,A0159,latin,195395
S01255,Song 01255,A0389,metal,262950
S01256,Song 01256,A0333,jazz,243594
S01257,Song 01257,A0062,jazz,225408
S01258,Song 01258,A0315,pop,180496
S01259,Song 01259,A0142,indie_rock,187636
S01260,Song 01260,A0203,classical,278796
S01261,Song 01261,A0306,r_and_b,255655
S01262,Song 01262,A0107,hip_hop,332500
S01263,Song 01263,A0092,indie_rock,265085
S01264,Song 01264,A0395,electronic,232549
S01265,Song 01265,A0313,electronic,197909
S01266,Song 01266,A0195,classical,221866
S01267,Song 01267,A0022,country,324345
S01268,Song 01268,A0329,reggaeton,192105
S01269,Song 01269,A0082,metal,203123
S01270,Song 01270,A0031,latin,241979
S01271,Song 01271,A0144,pop,257003
S01272,Song 01272,A0132,r_and_b,314102
S01273,Song 01273,A0327,indie_rock,215869
S01274,Song 01274,A0086,indie_rock,369802
S01275,Song 01275,A0138,country,230204
S01276,Song 01276,A0303,hip_hop,241052
S01277,Song 01277,A0287,indie_rock,244919
S01278,Song 01278,A0162,rock,318227
S01279,Song 01279,A0014,r_and_b,287739
S01280,Song 01280,A0328,electronic,240528
S01281,Song 01281,A0253,country,157944
S01282,Song 01282,A0145,pop,138947
S01283,Song 01283,A0148,classical,244942
S01284,Song 01284,A0136,electronic,244957
S01285,Song 01285,A0129,electronic,216065
S01286,Song 01286,A0138,country,240732
S01287,Song 01287,A0200,classical,178948
S01288,Song 01288,A0105,hip_hop,241759
S01289,Song 01289,A0110,r_and_b,312120
S01290,Song 01290,A0237,metal,255236
S01291,Song 01291,A0041,hip_hop,230990
S01292,Song 01292,A0213,classical,237388
S01293,Song 01293,A0002,latin,289824
S01294,Song 01294,A0368,indie_rock,183145
S01295,Song 01295,A0103,indie_rock,196750
S01296,Song 01296,A0147,indie_rock,173522
S01297,Song 01297,A0108,jazz,108251
S01298,Song 01298,A0059,indie_rock,309925
S01299,Song 01299,A0227,reggaeton,270741
S01300,Song 01300,A0355,rock,171854
S01301,Song 01301,A0042,metal,344929
S01302,Song 01302,A0386,classical,175578
S01303,Song 01303,A0044,latin,251741
S01304,Song 01304,A0227,reggaeton,173824
S01305,Song 01305,A0183,jazz,314065
S01306,Song 01306,A0034,latin,257215
S01307,Song 01307,A0186,reggaeton,269908
S01308,Song 01308,A0208,hip_hop,267103
S01309,Song 01309,A0056,latin,376372
S01310,Song 01310,A0084,r_and_b,74261
S01311,Song 01311,A0277,electronic,198141
S01312,Song 01312,A0145,pop,233869
S01313,Song 01313,A0183,jazz,263723
S01314,Song 01314,A0175,classical,222263
S01315,Song 01315,A0381,r_and_b,227847
S01316,Song 01316,A0027,rock,286449
S01317,Song 01317,A0114,electronic,290315
S01318,Song 01318,A0211,pop,193920
S01319,Song 01319,A0246,country,312795
S01320,Song 01320,A0211,pop,234835
S01321,Song 01321,A0372,hip_hop,247930
S01322,Song 01322,A0108,jazz,372351
S01323,Song 01323,A0231,metal,333444
S01324,Song 01324,A0046,classical,106036
S01325,Song 01325,A0117,rock,283624
S01326,Song 01326,A0244,jazz,297727
S01327,Song 01327,A0201,r_and_b,257029
S01328,Song 01328,A0271,latin,192227
S01329,Song 01329,A0058,electronic,330804
S01330,Song 01330,A0395,electronic,199845
S01331,Song 01331,A0156,metal,230995
S01332,Song 01332,A0250,metal,181619
S01333,Song 01333,A0236,hip_hop,216915
S01334,Song 01334,A0086,indie_rock,130181
S01335,Song 01335,A0135,indie_rock,306182
S01336,Song 01336,A0084,r_and_b,187052
S01337,Song 01337,A0063,jazz,230943
S01338,Song 01338,A0007,latin,202296
S01339,Song 01339,A0314,latin,328804
S01340,Song 01340,A0039,reggaeton,368093
S01341,Song 01341,A0345,jazz,260898
S01342,Song 01342,A0331,jazz,240412
S01343,Song 01343,A0358,latin,244387
S01344,Song 01344,A0015,jazz,164402
S01345,Song 01345,A0085,jazz,162187
S01346,Song 01346,A0188,rock,188420
S01347,Song 01347,A0384,rock,232099
S01348,Song 01348,A0083,indie_rock,181786
S01349,Song 01349,A0150,indie_rock,207070
S01350,Song 01350,A0260,rock,227144
S01351,Song 01351,A0008,pop,266721
S01352,Song 01352,A0317,country,232464
S01353,Song 01353,A0365,classical,183778
S01354,Song 01354,A0227,reggaeton,219252
S01355,Song 01355,A0226,country,135257
S01356,Song 01356,A0283,latin,298604
S01357,Song 01357,A0319,latin,270891
S01358,Song 01358,A0017,metal,252947
S01359,Song 01359,A0300,r_and_b,108023
S01360,Song 01360,A0041,hip_hop,199852
S01361,Song 01361,A0399,latin,230266
S01362,Song 01362,A0025,country,194922
S01363,Song 01363,A0259,electronic,265908
S01364,Song 01364,A0106,country,121745
S01365,Song 01365,A0214,electronic,257101
S01366,Song 01366,A0009,reggaeton,296114
S01367,Song 01367,A0175,classical,188218
S01368,Song 01368,A0302,electronic,184302
S01369,Song 01369,A0058,electronic,144498
S01370,Song 01370,A0342,classical,255373
S01371,Song 01371,A0191,r_and_b,207404
S01372,Song 01372,A0307,hip_hop,217601
S01373,Song 01373,A0388,hip_hop,173734
S01374,Song 01374,A0108,jazz,252055
S01375,Song 01375,A0164,classical,221223
S01376,Song 01376,A0168,reggaeton,207410
S01377,Song 01377,A0353,r_and_b,193704
S01378,Song 01378,A0263,electronic,242846
S01379,Song 01379,A0011,hip_hop,191483
S01380,Song 01380,A0071,latin,174314
S01381,Song 01381,A0345,jazz,185044
S01382,Song 01382,A0130,hip_hop,184355
S01383,Song 01383,A0306,r_and_b,141705
S01384,Song 01384,A0280,latin,334537
S01385,Song 01385,A0176,classical,321385
S01386,Song 01386,A0200,classical,110688
S01387,Song 01387,A0104,pop,171324
S01388,Song 01388,A0157,electronic,155150
S01389,Song 01389,A0365,classical,320912
S01390,Song 01390,A0092,indie_rock,185968
S01391,Song 01391,A0378,pop,247179
S01392,Song 01392,A0318,hip_hop,163401
S01393,Song 01393,A0288,jazz,200755
S01394,Song 01394,A0128,electronic,275028
S01395,Song 01395,A0104,pop,360132
S01396,Song 01396,A0170,electronic,230800
S01397,Song 01397,A0095,r_and_b,313795
S01398,Song 01398,A0225,jazz,326887
S01399,Song 01399,A0322,r_and_b,308752
S01400,Song 01400,A0078,reggaeton,306984
S01401,Song 01401,A0161,classical,175588
S01402,Song 01402,A0362,latin,292635
S01403,Song 01403,A0105,hip_hop,235904
S01404,Song 01404,A0128,electronic,94832
S01405,Song 01405,A0156,metal,262605
S01406,Song 01406,A0305,electronic,228290
S01407,Song 01407,A0255,classical,171356
S01408,Song 01408,A0261,classical,268169
S01409,Song 01409,A0130,hip_hop,170234
S01410,Song 01410,A0067,jazz,195350
S01411,Song 01411,A0246,country,188220
S01412,Song 01412,A0004,jazz,314565
S01413,Song 01413,A0253,country,183223
S01414,Song 01414,A0187,rock,340016
S01415,Song 01415,A0289,metal,258712
S01416,Song 01416,A0302,electronic,311245
S01417,Song 01417,A0235,metal,235631
S01418,Song 01418,A0054,jazz,232172
S01419,Song 01419,A0349,hip_hop,239105
S01420,Song 01420,A0322,r_and_b,281296
S01421,Song 01421,A0371,reggaeton,251884
S01422,Song 01422,A0079,electronic,282540
S01423,Song 01423,A0310,r_and_b,157521
S01424,Song 01424,A0150,indie_rock,298412
S01425,Song 01425,A0065,country,325650
S01426,Song 01426,A0050,reggaeton,274680
S01427,Song 01427,A0335,classical,268286
S01428,Song 01428,A0064,classical,257866
S01429,Song 01429,A0094,indie_rock,192124
S01430,Song 01430,A0247,pop,159122
S01431,Song 01431,A0014,r_and_b,217082
S01432,Song 01432,A0297,r_and_b,233775
S01433,Song 01433,A0392,rock,212578
S01434,Song 01434,A0022,country,255056
S01435,Song 01435,A0112,hip_hop,186380
S01436,Song 01436,A0335,classical,222208
S01437,Song 01437,A0161,classical,162834
S01438,Song 01438,A0221,electronic,147703
S01439,Song 01439,A0299,pop,320177
S01440,Song 01440,A0225,jazz,243517
S01441,Song 01441,A0228,r_and_b,215849
S01442,Song 01442,A0205,jazz,161048
S01443,Song 01443,A0299,pop,252586
S01444,Song 01444,A0051,reggaeton,347127
S01445,Song 01445,A0217,r_and_b,177330
S01446,Song 01446,A0381,r_and_b,200608
S01447,Song 01447,A0141,hip_hop,250373
S01448,Song 01448,A0350,rock,160828
S01449,Song 01449,A0231,metal,91740
S01450,Song 01450,A0046,classical,267566
S01451,Song 01451,A0179,hip_hop,209085
S01452,Song 01452,A0121,classical,290848
S01453,Song 01453,A0321,reggaeton,280607
S01454,Song 01454,A0075,reggaeton,229104
S01455,Song 01455,A0397,rock,128150
S01456,Song 01456,A0173,metal,305878
S01457,Song 01457,A0279,metal,256029
S01458,Song 01458,A0176,classical,236252
S01459,Song 01459,A0005,latin,232015
S01460,Song 01460,A0379,rock,227288
S01461,Song 01461,A0245,latin,257389
S01462,Song 01462,A0268,electronic,149359
S01463,Song 01463,A0024,reggaeton,234690
S01464,Song 01464,A0378,pop,158098
S01465,Song 01465,A0387,r_and_b,169435
S01466,Song 01466,A0340,country,221049
S01467,Song 01467,A0142,indie_rock,191944
S01468,Song 01468,A0067,jazz,228742
S01469,Song 01469,A0145,pop,218617
S01470,Song 01470,A0305,electronic,180728
S01471,Song 01471,A0039,reggaeton,264817
S01472,Song 01472,A0240,country,251870
S01473,Song 01473,A0322,r_and_b,201113
S01474,Song 01474,A0058,electronic,171864
S01475,Song 01475,A0230,r_and_b,315527
S01476,Song 01476,A0225,jazz,128385
S01477,Song 01477,A0012,electronic,257224
S01478,Song 01478,A0285,metal,174400
S01479,Song 01479,A0056,latin,272305
S01480,Song 01480,A0061,rock,209619
S01481,Song 01481,A0061,rock,338493
S01482,Song 01482,A0358,latin,250902
S01483,Song 01483,A0156,metal,200341
S01484,Song 01484,A0381,r_and_b,174414
S01485,Song 01485,A0148,classical,261722
S01486,Song 01486,A0399,latin,217185
S01487,Song 01487,A0140,latin,110813
S01488,Song 01488,A0007,latin,139377
S01489,Song 01489,A0021,electronic,104147
S01490,Song 01490,A0147,indie_rock,324911
S01491,Song 01491,A0249,rock,310797
S01492,Song 01492,A0069,pop,211736
S01493,Song 01493,A0345,jazz,293582
S01494,Song 01494,A0055,electronic,206906
S01495,Song 01495,A0219,country,206393
S01496,Song 01496,A0241,metal,210408
S01497,Song 01497,A0379,rock,261036
S01498,Song 01498,A0182,pop,181096
S01499,Song 01499,A0098,country,244692
S01500,Song 01500,A0259,electronic,217545
S01501,Song 01501,A0295,hip_hop,96838
S01502,Song 01502,A0310,r_and_b,127229
S01503,Song 01503,A0140,latin,269446
S01504,Song 01504,A0168,reggaeton,204984
S01505,Song 01505,A0259,electronic,186311
S01506,Song 01506,A0334,hip_hop,212149
S01507,Song 01507,A0057,country,196267
S01508,Song 01508,A0346,latin,214214
S01509,Song 01509,A0253,country,274941
S01510,Song 01510,A0400,metal,185647
S01511,Song 01511,A0363,electronic,238390
S01512,Song 01512,A0002,latin,283516
S01513,Song 01513,A0201,r_and_b,232165
S01514,Song 01514,A0135,indie_rock,79231
S01515,Song 01515,A0234,pop,300573
S01516,Song 01516,A0378,pop,145213
S01517,Song 01517,A0142,indie_rock,185063
S01518,Song 01518,A0348,classical,256735
S01519,Song 01519,A0054,jazz,341012
S01520,Song 01520,A0090,electronic,263167
S01521,Song 01521,A0393,rock,226295
S01522,Song 01522,A0340,country,195079
S01523,Song 01523,A0357,indie_rock,181604
S01524,Song 01524,A0372,hip_hop,153602
S01525,Song 01525,A0367,pop,272142
S01526,Song 01526,A0322,r_and_b,211920
S01527,Song 01527,A0386,classical,225100
S01528,Song 01528,A0048,rock,128901
S01529,Song 01529,A0081,r_and_b,230060
S01530,Song 01530,A0295,hip_hop,110045
S01531,Song 01531,A0154,pop,249843
S01532,Song 01532,A0001,metal,337216
S01533,Song 01533,A0174,jazz,155945
S01534,Song 01534,A0231,metal,139742
S01535,Song 01535,A0111,latin,300885
S01536,Song 01536,A0233,metal,181316
S01537,Song 01537,A0319,latin,296539
S01538,Song 01538,A0311,pop,131779
S01539,Song 01539,A0141,hip_hop,239272
S01540,Song 01540,A0121,classical,280351
S01541,Song 01541,A0287,indie_rock,242121
S01542,Song 01542,A0191,r_and_b,156853
S01543,Song 01543,A0071,latin,43673
S01544,Song 01544,A0157,electronic,211613
S01545,Song 01545,A0285,metal,168465
S01546,Song 01546,A0038,indie_rock,224164
S01547,Song 01547,A0241,metal,326905
S01548,Song 01548,A0151,electronic,117304
S01549,Song 01549,A0134,rock,195933
S01550,Song 01550,A0279,metal,262724
S01551,Song 01551,A0141,hip_hop,348023
S01552,Song 01552,A0274,pop,224552
S01553,Song 01553,A0116,electronic,294312
S01554,Song 01554,A0070,hip_hop,161906
S01555,Song 01555,A0150,indie_rock,225049
S01556,Song 01556,A0011,hip_hop,220940
S01557,Song 01557,A0288,jazz,263784
S01558,Song 01558,A0351,r_and_b,218429
S01559,Song 01559,A0273,metal,212440
S01560,Song 01560,A0264,latin,288842
S01561,Song 01561,A0098,country,224251
S01562,Song 01562,A0039,reggaeton,212275
S01563,Song 01563,A0373,rock,235652
S01564,Song 01564,A0236,hip_hop,211645
S01565,Song 01565,A0198,latin,284200
S01566,Song 01566,A0094,indie_rock,260577
S01567,Song 01567,A0364,pop,164172
S01568,Song 01568,A0281,latin,221694
S01569,Song 01569,A0381,r_and_b,110125
S01570,Song 01570,A0342,classical,161090
S01571,Song 01571,A0245,latin,220049
S01572,Song 01572,A0144,pop,305144
S01573,Song 01573,A0381,r_and_b,245844
S01574,Song 01574,A0324,classical,289300
S01575,Song 01575,A0181,latin,177431
S01576,Song 01576,A0018,country,307388
S01577,Song 01577,A0389,metal,259079
S01578,Song 01578,A0093,latin,188508
S01579,Song 01579,A0185,country,193621
S01580,Song 01580,A0152,jazz,209755
S01581,Song 01581,A0246,country,129075
S01582,Song 01582,A0187,rock,125371
S01583,Song 01583,A0099,pop,173414
S01584,Song 01584,A0177,pop,237938
S01585,Song 01585,A0007,latin,213811
S01586,Song 01586,A0360,reggaeton,329982
S01587,Song 01587,A0136,electronic,287463
S01588,Song 01588,A0104,pop,198035
S01589,Song 01589,A0219,country,296542
S01590,Song 01590,A0072,latin,196236
S01591,Song 01591,A0100,electronic,207184
S01592,Song 01592,A0346,latin,258533
S01593,Song 01593,A0090,electronic,383297
S01594,Song 01594,A0236,hip_hop,215344
S01595,Song 01595,A0183,jazz,349587
S01596,Song 01596,A0255,classical,212469
S01597,Song 01597,A0372,hip_hop,299312
S01598,Song 01598,A0170,electronic,307382
S01599,Song 01599,A0393,rock,272227
S01600,Song 01600,A0233,metal,274723
S01601,Song 01601,A0137,country,213408
S01602,Song 01602,A0338,r_and_b,123525
S01603,Song 01603,A0352,classical,230980
S01604,Song 01604,A0088,reggaeton,231372
S01605,Song 01605,A0370,country,344280
S01606,Song 01606,A0190,metal,235499
S01607,Song 01607,A0210,r_and_b,249452
S01608,Song 01608,A0114,electronic,263931
S01609,Song 01609,A0276,r_and_b,184362
S01610,Song 01610,A0229,reggaeton,241527
S01611,Song 01611,A0329,reggaeton,296518
S01612,Song 01612,A0137,country,219049
S01613,Song 01613,A0324,classical,154509
S01614,Song 01614,A0139,rock,231062
S01615,Song 01615,A0187,rock,295287
S01616,Song 01616,A0141,hip_hop,220591
S01617,Song 01617,A0242,electronic,196121
S01618,Song 01618,A0138,country,279590
S01619,Song 01619,A0222,hip_hop,127393
S01620,Song 01620,A0243,electronic,228022
S01621,Song 01621,A0229,reggaeton,224030
S01622,Song 01622,A0046,classical,170608
S01623,Song 01623,A0185,country,219748
S01624,Song 01624,A0137,country,290015
S01625,Song 01625,A0207,indie_rock,284402
S01626,Song 01626,A0006,latin,237422
S01627,Song 01627,A0053,country,296978
S01628,Song 01628,A0161,classical,264379
S01629,Song 01629,A0013,classical,145345
S01630,Song 01630,A0057,country,287009
S01631,Song 01631,A0097,rock,220968
S01632,Song 01632,A0235,metal,231008
S01633,Song 01633,A0122,reggaeton,235625
S01634,Song 01634,A0078,reggaeton,317980
S01635,Song 01635,A0036,latin,195079
S01636,Song 01636,A0396,country,262883
S01637,Song 01637,A0267,country,222438
S01638,Song 01638,A0289,metal,191684
S01639,Song 01639,A0277,electronic,122700
S01640,Song 01640,A0092,indie_rock,270803
S01641,Song 01641,A0308,electronic,192824
S01642,Song 01642,A0389,metal,200835
S01643,Song 01643,A0288,jazz,219173
S01644,Song 01644,A0337,pop,186721
S01645,Song 01645,A0175,classical,119877
S01646,Song 01646,A0050,reggaeton,326802
S01647,Song 01647,A0044,latin,268032
S01648,Song 01648,A0267,country,272283
S01649,Song 01649,A0152,jazz,240399
S01650,Song 01650,A0349,hip_hop,220181
S01651,Song 01651,A0044,latin,239301
S01652,Song 01652,A0002,latin,249340
S01653,Song 01653,A0348,classical,254941
S01654,Song 01654,A0050,reggaeton,330598
S01655,Song 01655,A0054,jazz,159510
S01656,Song 01656,A0077,rock,135690
S01657,Song 01657,A0305,electronic,194618
S01658,Song 01658,A0251,r_and_b,263754
S01659,Song 01659,A0058,electronic,236497
S01660,Song 01660,A0236,hip_hop,101280
S01661,Song 01661,A0363,electronic,261385
S01662,Song 01662,A0040,classical,316334
S01663,Song 01663,A0389,metal,205695
S01664,Song 01664,A0049,jazz,269111
S01665,Song 01665,A0376,rock,237121
S01666,Song 01666,A0038,indie_rock,181039
S01667,Song 01667,A0352,classical,301665
S01668,Song 01668,A0171,jazz,222467
S01669,Song 01669,A0334,hip_hop,135253
S01670,Song 01670,A0114,electronic,284068
S01671,Song 01671,A0126,country,88415
S01672,Song 01672,A0177,pop,348861
S01673,Song 01673,A0338,r_and_b,73786
S01674,Song 01674,A0374,electronic,170719
S01675,Song 01675,A0330,hip_hop,93852
S01676,Song 01676,A0204,rock,250956
S01677,Song 01677,A0387,r_and_b,301181
S01678,Song 01678,A0147,indie_rock,128151
S01679,Song 01679,A0164,classical,242060
S01680,Song 01680,A0162,rock,134273
S01681,Song 01681,A0352,classical,98877
S01682,Song 01682,A0251,r_and_b,223670
S01683,Song 01683,A0364,pop,289323
S01684,Song 01684,A0372,hip_hop,218192
S01685,Song 01685,A0354,pop,219725
S01686,Song 01686,A0184,electronic,276099
S01687,Song 01687,A0048,rock,239016
S01688,Song 01688,A0325,metal,275348
S01689,Song 01689,A0222,hip_hop,277881
S01690,Song 01690,A0297,r_and_b,250693
S01691,Song 01691,A0207,indie_rock,253667
S01692,Song 01692,A0270,classical,264443
S01693,Song 01693,A0371,reggaeton,213390
S01694,Song 01694,A0243,electronic,203537
S01695,Song 01695,A0264,latin,178757
S01696,Song 01696,A0248,electronic,274587
S01697,Song 01697,A0183,jazz,188829
S01698,Song 01698,A0200,classical,292937
S01699,Song 01699,A0360,reggaeton,306711
S01700,Song 01700,A0052,reggaeton,224311
S01701,Song 01701,A0211,pop,224422
S01702,Song 01702,A0260,rock,321695
S01703,Song 01703,A0237,metal,243440
S01704,Song 01704,A0045,indie_rock,353720
S01705,Song 01705,A0259,electronic,153610
S01706,Song 01706,A0306,r_and_b,132832
S01707,Song 01707,A0109,pop,241750
S01708,Song 01708,A0101,jazz,240937
S01709,Song 01709,A0389,metal,205571
S01710,Song 01710,A0284,latin,130911
S01711,Song 01711,A0163,pop,227614
S01712,Song 01712,A0239,pop,200824
S01713,Song 01713,A0137,country,263535
S01714,Song 01714,A0153,rock,243478
S01715,Song 01715,A0342,classical,178445
S01716,Song 01716,A0283,latin,201738
S01717,Song 01717,A0309,reggaeton,279799
S01718,Song 01718,A0400,metal,213174
S01719,Song 01719,A0194,jazz,176170
S01720,Song 01720,A0225,jazz,199259
S01721,Song 01721,A0207,indie_rock,337477
S01722,Song 01722,A0224,electronic,364705
S01723,Song 01723,A0097,rock,258967
S01724,Song 01724,A0228,r_and_b,273488
S01725,Song 01725,A0154,pop,256685
S01726,Song 01726,A0011,hip_hop,244991
S01727,Song 01727,A0276,r_and_b,92253
S01728,Song 01728,A0097,rock,368039
S01729,Song 01729,A0073,pop,209490
S01730,Song 01730,A0317,country,250053
S01731,Song 01731,A0377,indie_rock,261435
S01732,Song 01732,A0048,rock,168729
S01733,Song 01733,A0162,rock,130214
S01734,Song 01734,A0109,pop,261215
S01735,Song 01735,A0265,classical,243292
S01736,Song 01736,A0387,r_and_b,264331
S01737,Song 01737,A0292,latin,327743
S01738,Song 01738,A0400,metal,155225
S01739,Song 01739,A0365,classical,176668
S01740,Song 01740,A0180,indie_rock,246056
S01741,Song 01741,A0025,country,293497
S01742,Song 01742,A0056,latin,303568
S01743,Song 01743,A0056,latin,170163
S01744,Song 01744,A0316,metal,204257
S01745,Song 01745,A0158,jazz,189371
S01746,Song 01746,A0391,classical,165527
S01747,Song 01747,A0046,classical,248437
S01748,Song 01748,A0200,classical,141538
S01749,Song 01749,A0195,classical,262077
S01750,Song 01750,A0318,hip_hop,169368
S01751,Song 01751,A0325,metal,344679
S01752,Song 01752,A0102,metal,188473
S01753,Song 01753,A0049,jazz,283179
S01754,Song 01754,A0323,hip_hop,294830
S01755,Song 01755,A0322,r_and_b,195420
S01756,Song 01756,A0005,latin,256447
S01757,Song 01757,A0339,hip_hop,249036
S01758,Song 01758,A0382,metal,177041
S01759,Song 01759,A0395,electronic,210224
S01760,Song 01760,A0186,reggaeton,363599
S01761,Song 01761,A0069,pop,252462
S01762,Song 01762,A0232,classical,264205
S01763,Song 01763,A0127,rock,109946
S01764,Song 01764,A0266,r_and_b,99041
S01765,Song 01765,A0348,classical,254748
S01766,Song 01766,A0182,pop,199593
S01767,Song 01767,A0394,classical,133965
S01768,Song 01768,A0153,rock,166610
S01769,Song 01769,A0324,classical,175815
S01770,Song 01770,A0104,pop,97249
S01771,Song 01771,A0021,electronic,270644
S01772,Song 01772,A0233,metal,84189
S01773,Song 01773,A0093,latin,348917
S01774,Song 01774,A0371,reggaeton,98306
S01775,Song 01775,A0389,metal,166682
S01776,Song 01776,A0337,pop,262880
S01777,Song 01777,A0298,electronic,235693
S01778,Song 01778,A0080,indie_rock,283100
S01779,Song 01779,A0311,pop,172896
S01780,Song 01780,A0271,latin,88461
S01781,Song 01781,A0191,r_and_b,281050
S01782,Song 01782,A0343,indie_rock,170833
S01783,Song 01783,A0024,reggaeton,240050
S01784,Song 01784,A0075,reggaeton,309923
S01785,Song 01785,A0231,metal,332821
S01786,Song 01786,A0193,jazz,85670
S01787,Song 01787,A0235,metal,251657
S01788,Song 01788,A0195,classical,127096
S01789,Song 01789,A0080,indie_rock,172477
S01790,Song 01790,A0246,country,153821
S01791,Song 01791,A0151,electronic,322001
S01792,Song 01792,A0046,classical,233956
S01793,Song 01793,A0329,reggaeton,163520
S01794,Song 01794,A0205,jazz,282160
S01795,Song 01795,A0244,jazz,160235
S01796,Song 01796,A0198,latin,310670
S01797,Song 01797,A0365,classical,186864
S01798,Song 01798,A0321,reggaeton,256262
S01799,Song 01799,A0145,pop,304210
S01800,Song 01800,A0264,latin,155582
S01801,Song 01801,A0032,electronic,275279
S01802,Song 01802,A0329,reggaeton,257828
S01803,Song 01803,A0337,pop,252085
S01804,Song 01804,A0168,reggaeton,157271
S01805,Song 01805,A0317,country,243664
S01806,Song 01806,A0243,electronic,187376
S01807,Song 01807,A0361,r_and_b,259529
S01808,Song 01808,A0062,jazz,102349
S01809,Song 01809,A0342,classical,220438
S01810,Song 01810,A0298,electronic,175410
S01811,Song 01811,A0188,rock,147508
S01812,Song 01812,A0385,latin,309506
S01813,Song 01813,A0136,electronic,158429
S01814,Song 01814,A0301,latin,193957
S01815,Song 01815,A0238,jazz,261941
S01816,Song 01816,A0295,hip_hop,164648
S01817,Song 01817,A0249,rock,298698
S01818,Song 01818,A0201,r_and_b,164954
S01819,Song 01819,A0343,indie_rock,160463
S01820,Song 01820,A0371,reggaeton,193533
S01821,Song 01821,A0146,r_and_b,200496
S01822,Song 01822,A0283,latin,332006
S01823,Song 01823,A0017,metal,288894
S01824,Song 01824,A0373,rock,205127
S01825,Song 01825,A0355,rock,283402
S01826,Song 01826,A0037,classical,167113
S01827,Song 01827,A0378,pop,255001
S01828,Song 01828,A0269,pop,217144
S01829,Song 01829,A0150,indie_rock,187151
S01830,Song 01830,A0125,country,312832
S01831,Song 01831,A0206,metal,252917
S01832,Song 01832,A0058,electronic,243171
S01833,Song 01833,A0237,metal,124408
S01834,Song 01834,A0138,country,211177
S01835,Song 01835,A0023,pop,243975
S01836,Song 01836,A0261,classical,82268
S01837,Song 01837,A0149,electronic,280805
S01838,Song 01838,A0035,jazz,212585
S01839,Song 01839,A0097,rock,225689
S01840,Song 01840,A0024,reggaeton,154831
S01841,Song 01841,A0398,jazz,96634
S01842,Song 01842,A0298,electronic,195884
S01843,Song 01843,A0201,r_and_b,197161
S01844,Song 01844,A0183,jazz,207364
S01845,Song 01845,A0221,electronic,352725
S01846,Song 01846,A0194,jazz,203136
S01847,Song 01847,A0389,metal,348980
S01848,Song 01848,A0036,latin,192921
S01849,Song 01849,A0323,hip_hop,285543
S01850,Song 01850,A0008,pop,183097
S01851,Song 01851,A0389,metal,201318
S01852,Song 01852,A0148,classical,336188
S01853,Song 01853,A0313,electronic,265991
S01854,Song 01854,A0309,reggaeton,132575
S01855,Song 01855,A0210,r_and_b,277560
S01856,Song 01856,A0116,electronic,293571
S01857,Song 01857,A0246,country,250749
S01858,Song 01858,A0226,country,176065
S01859,Song 01859,A0211,pop,207505
S01860,Song 01860,A0141,hip_hop,258191
S01861,Song 01861,A0076,metal,235504
S01862,Song 01862,A0081,r_and_b,227726
S01863,Song 01863,A0362,latin,149122
S01864,Song 01864,A0236,hip_hop,337978
S01865,Song 01865,A0287,indie_rock,275628
S01866,Song 01866,A0090,electronic,159593
S01867,Song 01867,A0311,pop,126878
S01868,Song 01868,A0204,rock,278915
S01869,Song 01869,A0211,pop,215037
S01870,Song 01870,A0102,metal,83349
S01871,Song 01871,A0130,hip_hop,233912
S01872,Song 01872,A0097,rock,239177
S01873,Song 01873,A0273,metal,165556
S01874,Song 01874,A0025,country,167352
S01875,Song 01875,A0147,indie_rock,274097
S01876,Song 01876,A0100,electronic,150393
S01877,Song 01877,A0319,latin,137807
S01878,Song 01878,A0274,pop,86912
S01879,Song 01879,A0307,hip_hop,225983
S01880,Song 01880,A0232,classical,312022
S01881,Song 01881,A0162,rock,226620
S01882,Song 01882,A0268,electronic,126228
S01883,Song 01883,A0309,reggaeton,238050
S01884,Song 01884,A0299,pop,278081
S01885,Song 01885,A0372,hip_hop,182374
S01886,Song 01886,A0391,classical,248174
S01887,Song 01887,A0387,r_and_b,213172
S01888,Song 01888,A0190,metal,363325
S01889,Song 01889,A0314,latin,168874
S01890,Song 01890,A0194,jazz,107953
S01891,Song 01891,A0016,indie_rock,206867
S01892,Song 01892,A0309,reggaeton,302124
S01893,Song 01893,A0389,metal,224874
S01894,Song 01894,A0004,jazz,296231
S01895,Song 01895,A0182,pop,242690
S01896,Song 01896,A0175,classical,302941
S01897,Song 01897,A0074,reggaeton,211131
S01898,Song 01898,A0132,r_and_b,171340
S01899,Song 01899,A0180,indie_rock,161625
S01900,Song 01900,A0271,latin,184983
S01901,Song 01901,A0012,electronic,239885
S01902,Song 01902,A0002,latin,282041
S01903,Song 01903,A0311,pop,181790
S01904,Song 01904,A0139,rock,304976
S01905,Song 01905,A0274,pop,189440
S01906,Song 01906,A0375,latin,292505
S01907,Song 01907,A0005,latin,179818
S01908,Song 01908,A0066,latin,212187
S01909,Song 01909,A0323,hip_hop,265901
S01910,Song 01910,A0312,pop,210540
S01911,Song 01911,A0364,pop,423320
S01912,Song 01912,A0307,hip_hop,254300
S01913,Song 01913,A0159,latin,279978
S01914,Song 01914,A0076,metal,159262
S01915,Song 01915,A0134,rock,203396
S01916,Song 01916,A0033,metal,309659
S01917,Song 01917,A0273,metal,295537
S01918,Song 01918,A0293,pop,255838
S01919,Song 01919,A0135,indie_rock,248482
S01920,Song 01920,A0030,latin,180270
S01921,Song 01921,A0298,electronic,237076
S01922,Song 01922,A0018,country,183575
S01923,Song 01923,A0267,country,144388
S01924,Song 01924,A0342,classical,211712
S01925,Song 01925,A0049,jazz,333565
S01926,Song 01926,A0110,r_and_b,211278
S01927,Song 01927,A0250,metal,258634
S01928,Song 01928,A0196,classical,171121
S01929,Song 01929,A0361,r_and_b,211972
S01930,Song 01930,A0080,indie_rock,302062
S01931,Song 01931,A0086,indie_rock,243744
S01932,Song 01932,A0119,rock,205874
S01933,Song 01933,A0157,electronic,310139
S01934,Song 01934,A0388,hip_hop,235536
S01935,Song 01935,A0398,jazz,282522
S01936,Song 01936,A0186,reggaeton,365759
S01937,Song 01937,A0290,r_and_b,376788
S01938,Song 01938,A0206,metal,159594
S01939,Song 01939,A0011,hip_hop,251247
S01940,Song 01940,A0121,classical,165180
S01941,Song 01941,A0098,country,225750
S01942,Song 01942,A0004,jazz,255636
S01943,Song 01943,A0042,metal,195171
S01944,Song 01944,A0286,indie_rock,314028
S01945,Song 01945,A0022,country,223441
S01946,Song 01946,A0394,classical,119646
S01947,Song 01947,A0306,r_and_b,232144
S01948,Song 01948,A0078,reggaeton,142161
S01949,Song 01949,A0083,indie_rock,191773
S01950,Song 01950,A0256,classical,172481
S01951,Song 01951,A0110,r_and_b,224952
S01952,Song 01952,A0225,jazz,110055
S01953,Song 01953,A0359,electronic,189929
S01954,Song 01954,A0258,reggaeton,238188
S01955,Song 01955,A0147,indie_rock,176605
S01956,Song 01956,A0223,indie_rock,113465
S01957,Song 01957,A0259,electronic,248644
S01958,Song 01958,A0275,indie_rock,213032
S01959,Song 01959,A0316,metal,147511
S01960,Song 01960,A0222,hip_hop,133107
S01961,Song 01961,A0331,jazz,197845
S01962,Song 01962,A0255,classical,258600
S01963,Song 01963,A0321,reggaeton,141721
S01964,Song 01964,A0123,rock,188171
S01965,Song 01965,A0361,r_and_b,313831
S01966,Song 01966,A0340,country,214258
S01967,Song 01967,A0052,reggaeton,231992
S01968,Song 01968,A0381,r_and_b,218981
S01969,Song 01969,A0282,indie_rock,309711
S01970,Song 01970,A0220,hip_hop,160180
S01971,Song 01971,A0320,classical,223726
S01972,Song 01972,A0104,pop,226269
S01973,Song 01973,A0389,metal,260743
S01974,Song 01974,A0041,hip_hop,206874
S01975,Song 01975,A0268,electronic,72193
S01976,Song 01976,A0300,r_and_b,155066
S01977,Song 01977,A0136,electronic,217294
S01978,Song 01978,A0352,classical,309216
S01979,Song 01979,A0300,r_and_b,156821
S01980,Song 01980,A0017,metal,311040
S01981,Song 01981,A0168,reggaeton,198627
S01982,Song 01982,A0172,classical,257747
S01983,Song 01983,A0046,classical,243033
S01984,Song 01984,A0096,latin,157896
S01985,Song 01985,A0252,classical,235905
S01986,Song 01986,A0177,pop,187500
S01987,Song 01987,A0290,r_and_b,302479
S01988,Song 01988,A0089,reggaeton,305185
S01989,Song 01989,A0223,indie_rock,244311
S01990,Song 01990,A0048,rock,237646
S01991,Song 01991,A0092,indie_rock,237551
S01992,Song 01992,A0274,pop,306028
S01993,Song 01993,A0205,jazz,239080
S01994,Song 01994,A0036,latin,144327
S01995,Song 01995,A0126,country,245772
S01996,Song 01996,A0055,electronic,427549
S01997,Song 01997,A0029,latin,157672
S01998,Song 01998,A0204,rock,269080
S01999,Song 01999,A0364,pop,231582
S02000,Song 02000,A0275,indie_rock,309114
S02001,Song 02001,A0395,electronic,307495
S02002,Song 02002,A0330,hip_hop,207063
S02003,Song 02003,A0185,country,277928
S02004,Song 02004,A0256,classical,151377
S02005,Song 02005,A0291,rock,244472
S02006,Song 02006,A0224,electronic,123199
S02007,Song 02007,A0287,indie_rock,289333
S02008,Song 02008,A0358,latin,188232
S02009,Song 02009,A0347,pop,254273
S02010,Song 02010,A0399,latin,181590
S02011,Song 02011,A0063,jazz,268645
S02012,Song 02012,A0355,rock,221511
S02013,Song 02013,A0225,jazz,171235
S02014,Song 02014,A0349,hip_hop,243278
S02015,Song 02015,A0289,metal,218469
S02016,Song 02016,A0156,metal,175074
S02017,Song 02017,A0155,latin,186842
S02018,Song 02018,A0167,jazz,245687
S02019,Song 02019,A0168,reggaeton,164732
S02020,Song 02020,A0134,rock,251706
S02021,Song 02021,A0390,country,253694
S02022,Song 02022,A0110,r_and_b,198818
S02023,Song 02023,A0192,reggaeton,252667
S02024,Song 02024,A0115,hip_hop,159706
S02025,Song 02025,A0287,indie_rock,232983
S02026,Song 02026,A0018,country,189698
S02027,Song 02027,A0394,classical,276779
S02028,Song 02028,A0210,r_and_b,268314
S02029,Song 02029,A0222,hip_hop,370128
S02030,Song 02030,A0237,metal,192822
S02031,Song 02031,A0156,metal,271028
S02032,Song 02032,A0314,latin,205476
S02033,Song 02033,A0047,rock,268116
S02034,Song 02034,A0228,r_and_b,356768
S02035,Song 02035,A0189,r_and_b,300609
S02036,Song 02036,A0074,reggaeton,231538
S02037,Song 02037,A0169,country,228475
S02038,Song 02038,A0192,reggaeton,152347
S02039,Song 02039,A0167,jazz,128253
S02040,Song 02040,A0204,rock,230582
S02041,Song 02041,A0168,reggaeton,182734
S02042,Song 02042,A0083,indie_rock,269287
S02043,Song 02043,A0105,hip_hop,199657
S02044,Song 02044,A0327,indie_rock,286774
S02045,Song 02045,A0347,pop,184996
S02046,Song 02046,A0076,metal,178168
S02047,Song 02047,A0334,hip_hop,335823
S02048,Song 02048,A0129,electronic,181967
S02049,Song 02049,A0178,pop,223814
S02050,Song 02050,A0375,latin,236508
S02051,Song 02051,A0220,hip_hop,254708
S02052,Song 02052,A0300,r_and_b,81603
S02053,Song 02053,A0039,reggaeton,257027
S02054,Song 02054,A0339,hip_hop,159100
S02055,Song 02055,A0236,hip_hop,116738
S02056,Song 02056,A0150,indie_rock,274637
S02057,Song 02057,A0327,indie_rock,147502
S02058,Song 02058,A0297,r_and_b,268928
S02059,Song 02059,A0333,jazz,300544
S02060,Song 02060,A0114,electronic,208770
S02061,Song 02061,A0093,latin,214567
S02062,Song 02062,A0176,classical,111287
S02063,Song 02063,A0145,pop,177006
S02064,Song 02064,A0208,hip_hop,345287
S02065,Song 02065,A0130,hip_hop,261922
S02066,Song 02066,A0323,hip_hop,271749
S02067,Song 02067,A0381,r_and_b,275559
S02068,Song 02068,A0049,jazz,261138
S02069,Song 02069,A0328,electronic,266062
S02070,Song 02070,A0389,metal,270346
S02071,Song 02071,A0238,jazz,125817
S02072,Song 02072,A0033,metal,125569
S02073,Song 02073,A0027,rock,194792
S02074,Song 02074,A0321,reggaeton,260364
S02075,Song 02075,A0048,rock,132032
S02076,Song 02076,A0097,rock,264669
S02077,Song 02077,A0061,rock,159501
S02078,Song 02078,A0052,reggaeton,339014
S02079,Song 02079,A0198,latin,277968
S02080,Song 02080,A0364,pop,372450
S02081,Song 02081,A0276,r_and_b,301303
S02082,Song 02082,A0172,classical,125681
S02083,Song 02083,A0003,country,217412
S02084,Song 02084,A0341,metal,258330
S02085,Song 02085,A0262,country,256616
S02086,Song 02086,A0149,electronic,191096
S02087,Song 02087,A0338,r_and_b,125570
S02088,Song 02088,A0079,electronic,158160
S02089,Song 02089,A0163,pop,196073
S02090,Song 02090,A0105,hip_hop,209717
S02091,Song 02091,A0371,reggaeton,178728
S02092,Song 02092,A0223,indie_rock,180297
S02093,Song 02093,A0032,electronic,204858
S02094,Song 02094,A0378,pop,255177
S02095,Song 02095,A0352,classical,161339
S02096,Song 02096,A0162,rock,213656
S02097,Song 02097,A0339,hip_hop,266698
S02098,Song 02098,A0190,metal,170145
S02099,Song 02099,A0001,metal,195136
S02100,Song 02100,A0015,jazz,124170
S02101,Song 02101,A0173,metal,203639
S02102,Song 02102,A0199,jazz,205502
S02103,Song 02103,A0056,latin,263116
S02104,Song 02104,A0154,pop,219831
S02105,Song 02105,A0241,metal,139479
S02106,Song 02106,A0153,rock,230731
S02107,Song 02107,A0073,pop,148813
S02108,Song 02108,A0244,jazz,173175
S02109,Song 02109,A0185,country,177076
S02110,Song 02110,A0323,hip_hop,349229
S02111,Song 02111,A0232,classical,307631
S02112,Song 02112,A0091,latin,121093
S02113,Song 02113,A0279,metal,242278
S02114,Song 02114,A0137,country,286406
S02115,Song 02115,A0091,latin,274160
S02116,Song 02116,A0214,electronic,218076
S02117,Song 02117,A0366,latin,224231
S02118,Song 02118,A0342,classical,213116
S02119,Song 02119,A0203,classical,216215
S02120,Song 02120,A0225,jazz,200208
S02121,Song 02121,A0106,country,144838
S02122,Song 02122,A0040,classical,271213
S02123,Song 02123,A0282,indie_rock,187112
S02124,Song 02124,A0386,classical,352283
S02125,Song 02125,A0306,r_and_b,237845
S02126,Song 02126,A0101,jazz,235104
S02127,Song 02127,A0331,jazz,294483
S02128,Song 02128,A0266,r_and_b,250999
S02129,Song 02129,A0101,jazz,235894
S02130,Song 02130,A0337,pop,151018
S02131,Song 02131,A0317,country,148199
S02132,Song 02132,A0013,classical,138809
S02133,Song 02133,A0110,r_and_b,290740
S02134,Song 02134,A0289,metal,187724
S02135,Song 02135,A0302,electronic,224255
S02136,Song 02136,A0339,hip_hop,237586
S02137,Song 02137,A0215,pop,165341
S02138,Song 02138,A0267,country,218644
S02139,Song 02139,A0094,indie_rock,190324
S02140,Song 02140,A0238,jazz,157547
S02141,Song 02141,A0194,jazz,194541
S02142,Song 02142,A0080,indie_rock,149901
S02143,Song 02143,A0294,metal,209456
S02144,Song 02144,A0393,rock,204141
S02145,Song 02145,A0269,pop,223143
S02146,Song 02146,A0001,metal,317775
S02147,Song 02147,A0153,rock,211485
S02148,Song 02148,A0380,r_and_b,302330
S02149,Song 02149,A0182,pop,294254
S02150,Song 02150,A0326,country,185478
S02151,Song 02151,A0072,latin,168487
S02152,Song 02152,A0362,latin,181285
S02153,Song 02153,A0316,metal,265889
S02154,Song 02154,A0020,jazz,231970
S02155,Song 02155,A0330,hip_hop,249581
S02156,Song 02156,A0363,electronic,260407
S02157,Song 02157,A0119,rock,253468
S02158,Song 02158,A0325,metal,302945
S02159,Song 02159,A0097,rock,105839
S02160,Song 02160,A0311,pop,208693
S02161,Song 02161,A0130,hip_hop,138284
S02162,Song 02162,A0118,latin,304581
S02163,Song 02163,A0321,reggaeton,225884
S02164,Song 02164,A0091,latin,235144
S02165,Song 02165,A0335,classical,151368
S02166,Song 02166,A0033,metal,232632
S02167,Song 02167,A0134,rock,267361
S02168,Song 02168,A0326,country,206538
S02169,Song 02169,A0169,country,244014
S02170,Song 02170,A0333,jazz,241126
S02171,Song 02171,A0188,rock,149326
S02172,Song 02172,A0044,latin,234977
S02173,Song 02173,A0203,classical,210317
S02174,Song 02174,A0051,reggaeton,175564
S02175,Song 02175,A0252,classical,309553
S02176,Song 02176,A0129,electronic,272108
S02177,Song 02177,A0058,electronic,222337
S02178,Song 02178,A0083,indie_rock,204116
S02179,Song 02179,A0015,jazz,292875
S02180,Song 02180,A0182,pop,170177
S02181,Song 02181,A0174,jazz,262455
S02182,Song 02182,A0280,latin,306849
S02183,Song 02183,A0201,r_and_b,136365
S02184,Song 02184,A0323,hip_hop,217094
S02185,Song 02185,A0003,country,121331
S02186,Song 02186,A0061,rock,405875
S02187,Song 02187,A0106,country,208426
S02188,Song 02188,A0160,metal,249749
S02189,Song 02189,A0369,electronic,316162
S02190,Song 02190,A0023,pop,169895
S02191,Song 02191,A0344,r_and_b,250264
S02192,Song 02192,A0147,indie_rock,164391
S02193,Song 02193,A0350,rock,340464
S02194,Song 02194,A0046,classical,218502
S02195,Song 02195,A0131,pop,254065
S02196,Song 02196,A0030,latin,227738
S02197,Song 02197,A0144,pop,358968
S02198,Song 02198,A0124,latin,247933
S02199,Song 02199,A0380,r_and_b,206283
S02200,Song 02200,A0061,rock,175095
S02201,Song 02201,A0323,hip_hop,253950
S02202,Song 02202,A0042,metal,152675
S02203,Song 02203,A0303,hip_hop,240114
S02204,Song 02204,A0049,jazz,209261
S02205,Song 02205,A0034,latin,226486
S02206,Song 02206,A0255,classical,163678
S02207,Song 02207,A0240,country,184769
S02208,Song 02208,A0041,hip_hop,162963
S02209,Song 02209,A0306,r_and_b,225417
S02210,Song 02210,A0077,rock,320668
S02211,Song 02211,A0259,electronic,277918
S02212,Song 02212,A0324,classical,281159
S02213,Song 02213,A0124,latin,335674
S02214,Song 02214,A0148,classical,105242
S02215,Song 02215,A0310,r_and_b,314983
S02216,Song 02216,A0092,indie_rock,157789
S02217,Song 02217,A0088,reggaeton,295855
S02218,Song 02218,A0388,hip_hop,217266
S02219,Song 02219,A0358,latin,264754
S02220,Song 02220,A0391,classical,49543
S02221,Song 02221,A0031,latin,160073
S02222,Song 02222,A0194,jazz,218409
S02223,Song 02223,A0120,reggaeton,271735
S02224,Song 02224,A0130,hip_hop,166496
S02225,Song 02225,A0104,pop,57732
S02226,Song 02226,A0303,hip_hop,150655
S02227,Song 02227,A0126,country,166112
S02228,Song 02228,A0350,rock,266254
S02229,Song 02229,A0162,rock,137091
S02230,Song 02230,A0171,jazz,287703
S02231,Song 02231,A0300,r_and_b,221168
S02232,Song 02232,A0334,hip_hop,218868
S02233,Song 02233,A0361,r_and_b,244266
S02234,Song 02234,A0352,classical,276387
S02235,Song 02235,A0071,latin,239371
S02236,Song 02236,A0003,country,195628
S02237,Song 02237,A0374,electronic,196317
S02238,Song 02238,A0387,r_and_b,220660
S02239,Song 02239,A0169,country,222841
S02240,Song 02240,A0031,latin,175706
S02241,Song 02241,A0357,indie_rock,236921
S02242,Song 02242,A0138,country,213135
S02243,Song 02243,A0115,hip_hop,223335
S02244,Song 02244,A0362,latin,212853
S02245,Song 02245,A0363,electronic,117992
S02246,Song 02246,A0374,electronic,177352
S02247,Song 02247,A0305,electronic,206380
S02248,Song 02248,A0084,r_and_b,177159
S02249,Song 02249,A0294,metal,215133
S02250,Song 02250,A0160,metal,247797
S02251,Song 02251,A0277,electronic,345221
S02252,Song 02252,A0303,hip_hop,304058
S02253,Song 02253,A0308,electronic,169680
S02254,Song 02254,A0377,indie_rock,204022
S02255,Song 02255,A0397,rock,192814
S02256,Song 02256,A0321,reggaeton,171429
S02257,Song 02257,A0033,metal,159912
S02258,Song 02258,A0172,classical,187741
S02259,Song 02259,A0282,indie_rock,239773
S02260,Song 02260,A0387,r_and_b,293070
S02261,Song 02261,A0204,rock,358801
S02262,Song 02262,A0157,electronic,293884
S02263,Song 02263,A0179,hip_hop,175251
S02264,Song 02264,A0173,metal,199055
S02265,Song 02265,A0211,pop,266786
S02266,Song 02266,A0384,rock,270660
S02267,Song 02267,A0059,indie_rock,286540
S02268,Song 02268,A0114,electronic,115277
S02269,Song 02269,A0398,jazz,260203
S02270,Song 02270,A0009,reggaeton,203405
S02271,Song 02271,A0061,rock,280160
S02272,Song 02272,A0118,latin,174544
S02273,Song 02273,A0236,hip_hop,252782
S02274,Song 02274,A0297,r_and_b,171726
S02275,Song 02275,A0174,jazz,291337
S02276,Song 02276,A0233,metal,208099
S02277,Song 02277,A0267,country,346032
S02278,Song 02278,A0009,reggaeton,112678
S02279,Song 02279,A0300,r_and_b,128066
S02280,Song 02280,A0088,reggaeton,294187
S02281,Song 02281,A0312,pop,237782
S02282,Song 02282,A0348,classical,220929
S02283,Song 02283,A0211,pop,183585
S02284,Song 02284,A0324,classical,247709
S02285,Song 02285,A0232,classical,258829
S02286,Song 02286,A0177,pop,215996
S02287,Song 02287,A0226,country,263670
S02288,Song 02288,A0111,latin,348532
S02289,Song 02289,A0073,pop,245837
S02290,Song 02290,A0249,rock,316958
S02291,Song 02291,A0217,r_and_b,202241
S02292,Song 02292,A0014,r_and_b,190251
S02293,Song 02293,A0357,indie_rock,169931
S02294,Song 02294,A0182,pop,142543
S02295,Song 02295,A0262,country,168695
S02296,Song 02296,A0282,indie_rock,181714
S02297,Song 02297,A0395,electronic,247922
S02298,Song 02298,A0309,reggaeton,124920
S02299,Song 02299,A0283,latin,307455
S02300,Song 02300,A0110,r_and_b,118538
S02301,Song 02301,A0176,classical,263928
S02302,Song 02302,A0001,metal,245565
S02303,Song 02303,A0210,r_and_b,241571
S02304,Song 02304,A0166,electronic,196620
S02305,Song 02305,A0291,rock,258450
S02306,Song 02306,A0219,country,78157
S02307,Song 02307,A0022,country,329576
S02308,Song 02308,A0217,r_and_b,253464
S02309,Song 02309,A0150,indie_rock,255659
S02310,Song 02310,A0065,country,221420
S02311,Song 02311,A0209,classical,152706
S02312,Song 02312,A0116,electronic,190708
S02313,Song 02313,A0339,hip_hop,128290
S02314,Song 02314,A0195,classical,209040
S02315,Song 02315,A0197,pop,251750
S02316,Song 02316,A0071,latin,113018
S02317,Song 02317,A0293,pop,287475
S02318,Song 02318,A0161,classical,215919
S02319,Song 02319,A0209,classical,200526
S02320,Song 02320,A0006,latin,265293
S02321,Song 02321,A0276,r_and_b,206130
S02322,Song 02322,A0202,rock,208131
S02323,Song 02323,A0101,jazz,223476
S02324,Song 02324,A0154,pop,169462
S02325,Song 02325,A0047,rock,212659
S02326,Song 02326,A0360,reggaeton,122997
S02327,Song 02327,A0042,metal,227162
S02328,Song 02328,A0346,latin,335385
S02329,Song 02329,A0073,pop,237538
S02330,Song 02330,A0002,latin,250447
S02331,Song 02331,A0064,classical,253300
S02332,Song 02332,A0118,latin,150206
S02333,Song 02333,A0208,hip_hop,187260
S02334,Song 02334,A0045,indie_rock,223292
S02335,Song 02335,A0253,country,218788
S02336,Song 02336,A0130,hip_hop,163946
S02337,Song 02337,A0062,jazz,193635
S02338,Song 02338,A0124,latin,209999
S02339,Song 02339,A0176,classical,233725
S02340,Song 02340,A0011,hip_hop,111103
S02341,Song 02341,A0315,pop,249733
S02342,Song 02342,A0092,indie_rock,244238
S02343,Song 02343,A0149,electronic,181342
S02344,Song 02344,A0115,hip_hop,76808
S02345,Song 02345,A0222,hip_hop,206741
S02346,Song 02346,A0356,metal,120519
S02347,Song 02347,A0367,pop,268153
S02348,Song 02348,A0264,latin,155793
S02349,Song 02349,A0056,latin,285985
S02350,Song 02350,A0204,rock,353476
S02351,Song 02351,A0177,pop,285661
S02352,Song 02352,A0058,electronic,234885
S02353,Song 02353,A0194,jazz,166145
S02354,Song 02354,A0345,jazz,216595
S02355,Song 02355,A0132,r_and_b,219754
S02356,Song 02356,A0006,latin,157562
S02357,Song 02357,A0391,classical,55483
S02358,Song 02358,A0374,electronic,197046
S02359,Song 02359,A0203,classical,252486
S02360,Song 02360,A0354,pop,227966
S02361,Song 02361,A0050,reggaeton,199281
S02362,Song 02362,A0049,jazz,166262
S02363,Song 02363,A0296,country,226100
S02364,Song 02364,A0014,r_and_b,294071
S02365,Song 02365,A0335,classical,30000
S02366,Song 02366,A0223,indie_rock,319563
S02367,Song 02367,A0398,jazz,193490
S02368,Song 02368,A0253,country,206316
S02369,Song 02369,A0249,rock,209030
S02370,Song 02370,A0194,jazz,136109
S02371,Song 02371,A0008,pop,290946
S02372,Song 02372,A0293,pop,96680
S02373,Song 02373,A0181,latin,248883
S02374,Song 02374,A0327,indie_rock,88670
S02375,Song 02375,A0104,pop,278343
S02376,Song 02376,A0023,pop,164189
S02377,Song 02377,A0153,rock,261966
S02378,Song 02378,A0238,jazz,267706
S02379,Song 02379,A0227,reggaeton,307054
S02380,Song 02380,A0053,country,220803
S02381,Song 02381,A0100,electronic,256032
S02382,Song 02382,A0378,pop,276260
S02383,Song 02383,A0294,metal,182479
S02384,Song 02384,A0327,indie_rock,205730
S02385,Song 02385,A0152,jazz,363540
S02386,Song 02386,A0251,r_and_b,84422
S02387,Song 02387,A0333,jazz,317257
S02388,Song 02388,A0152,jazz,222499
S02389,Song 02389,A0181,latin,190693
S02390,Song 02390,A0278,rock,120700
S02391,Song 02391,A0238,jazz,225083
S02392,Song 02392,A0003,country,277770
S02393,Song 02393,A0229,reggaeton,215584
S02394,Song 02394,A0259,electronic,326430
S02395,Song 02395,A0233,metal,171865
S02396,Song 02396,A0049,jazz,194905
S02397,Song 02397,A0182,pop,219452
S02398,Song 02398,A0161,classical,183695
S02399,Song 02399,A0078,reggaeton,225603
S02400,Song 02400,A0161,classical,172166
S02401,Song 02401,A0090,electronic,144629
S02402,Song 02402,A0304,latin,185297
S02403,Song 02403,A0098,country,252704
S02404,Song 02404,A0106,country,272902
S02405,Song 02405,A0085,jazz,162138
S02406,Song 02406,A0137,country,295308
S02407,Song 02407,A0366,latin,227006
S02408,Song 02408,A0122,reggaeton,214870
S02409,Song 02409,A0236,hip_hop,162685
S02410,Song 02410,A0212,jazz,225361
S02411,Song 02411,A0135,indie_rock,192458
S02412,Song 02412,A0030,latin,163173
S02413,Song 02413,A0158,jazz,267913
S02414,Song 02414,A0259,electronic,262573
S02415,Song 02415,A0021,electronic,221273
S02416,Song 02416,A0081,r_and_b,289363
S02417,Song 02417,A0022,country,277768
S02418,Song 02418,A0243,electronic,261369
S02419,Song 02419,A0298,electronic,232250
S02420,Song 02420,A0318,hip_hop,169690
S02421,Song 02421,A0323,hip_hop,221168
S02422,Song 02422,A0331,jazz,267967
S02423,Song 02423,A0380,r_and_b,226254
S02424,Song 02424,A0063,jazz,225664
S02425,Song 02425,A0378,pop,237955
S02426,Song 02426,A0288,jazz,281052
S02427,Song 02427,A0062,jazz,167473
S02428,Song 02428,A0212,jazz,272070
S02429,Song 02429,A0013,classical,322097
S02430,Song 02430,A0015,jazz,130431
S02431,Song 02431,A0014,r_and_b,148431
S02432,Song 02432,A0054,jazz,230935
S02433,Song 02433,A0350,rock,314699
S02434,Song 02434,A0046,classical,313490
S02435,Song 02435,A0328,electronic,272227
S02436,Song 02436,A0108,jazz,266401
S02437,Song 02437,A0230,r_and_b,232302
S02438,Song 02438,A0129,electronic,237607
S02439,Song 02439,A0237,metal,307431
S02440,Song 02440,A0194,jazz,163046
S02441,Song 02441,A0109,pop,204871
S02442,Song 02442,A0217,r_and_b,256820
S02443,Song 02443,A0138,country,323194
S02444,Song 02444,A0130,hip_hop,169653
S02445,Song 02445,A0010,classical,211634
S02446,Song 02446,A0356,metal,247687
S02447,Song 02447,A0189,r_and_b,270261
S02448,Song 02448,A0287,indie_rock,339684
S02449,Song 02449,A0339,hip_hop,280464
S02450,Song 02450,A0372,hip_hop,190999
S02451,Song 02451,A0274,pop,161709
S02452,Song 02452,A0252,classical,142897
S02453,Song 02453,A0239,pop,128796
S02454,Song 02454,A0196,classical,210784
S02455,Song 02455,A0333,jazz,347979
S02456,Song 02456,A0225,jazz,233740
S02457,Song 02457,A0041,hip_hop,191604
S02458,Song 02458,A0029,latin,227290
S02459,Song 02459,A0370,country,196259
S02460,Song 02460,A0198,latin,326318
S02461,Song 02461,A0389,metal,254271
S02462,Song 02462,A0071,latin,182350
S02463,Song 02463,A0091,latin,243170
S02464,Song 02464,A0393,rock,254503
S02465,Song 02465,A0090,electronic,175393
S02466,Song 02466,A0350,rock,155280
S02467,Song 02467,A0171,jazz,222225
S02468,Song 02468,A0102,metal,68536
S02469,Song 02469,A0179,hip_hop,139151
S02470,Song 02470,A0232,classical,242061
S02471,Song 02471,A0161,classical,266496
S02472,Song 02472,A0284,latin,326443
S02473,Song 02473,A0261,classical,250445
S02474,Song 02474,A0289,metal,228816
S02475,Song 02475,A0286,indie_rock,196392
S02476,Song 02476,A0239,pop,195381
S02477,Song 02477,A0217,r_and_b,283876
S02478,Song 02478,A0200,classical,249230
S02479,Song 02479,A0305,electronic,288959
S02480,Song 02480,A0366,latin,191433
S02481,Song 02481,A0335,classical,281303
S02482,Song 02482,A0147,indie_rock,144298
S02483,Song 02483,A0118,latin,121098
S02484,Song 02484,A0008,pop,290950
S02485,Song 02485,A0330,hip_hop,276475
S02486,Song 02486,A0321,reggaeton,288011
S02487,Song 02487,A0015,jazz,196794
S02488,Song 02488,A0332,electronic,267227
S02489,Song 02489,A0318,hip_hop,236912
S02490,Song 02490,A0012,electronic,144593
S02491,Song 02491,A0248,electronic,253185
S02492,Song 02492,A0155,latin,125070
S02493,Song 02493,A0177,pop,240935
S02494,Song 02494,A0237,metal,253161
S02495,Song 02495,A0258,reggaeton,163612
S02496,Song 02496,A0087,classical,270570
S02497,Song 02497,A0041,hip_hop,158835
S02498,Song 02498,A0328,electronic,154535
S02499,Song 02499,A0304,latin,264151
S02500,Song 02500,A0059,indie_rock,223377
S02501,Song 02501,A0036,latin,131920
S02502,Song 02502,A0221,electronic,417717
S02503,Song 02503,A0317,country,260934
S02504,Song 02504,A0357,indie_rock,256741
S02505,Song 02505,A0312,pop,221977
S02506,Song 02506,A0334,hip_hop,180823
S02507,Song 02507,A0177,pop,219043
S02508,Song 02508,A0051,reggaeton,212554
S02509,Song 02509,A0203,classical,188853
S02510,Song 02510,A0102,metal,179119
S02511,Song 02511,A0317,country,265657
S02512,Song 02512,A0029,latin,172798
S02513,Song 02513,A0218,indie_rock,313605
S02514,Song 02514,A0140,latin,284553
S02515,Song 02515,A0167,jazz,201742
S02516,Song 02516,A0390,country,226984
S02517,Song 02517,A0398,jazz,176391
S02518,Song 02518,A0010,classical,227302
S02519,Song 02519,A0074,reggaeton,233581
S02520,Song 02520,A0137,country,237455
S02521,Song 02521,A0059,indie_rock,241364
S02522,Song 02522,A0159,latin,253507
S02523,Song 02523,A0015,jazz,269612
S02524,Song 02524,A0185,country,185923
S02525,Song 02525,A0361,r_and_b,231553
S02526,Song 02526,A0117,rock,156862
S02527,Song 02527,A0070,hip_hop,64171
S02528,Song 02528,A0257,classical,157349
S02529,Song 02529,A0006,latin,165704
S02530,Song 02530,A0056,latin,168536
S02531,Song 02531,A0353,r_and_b,285856
S02532,Song 02532,A0293,pop,194007
S02533,Song 02533,A0095,r_and_b,299432
S02534,Song 02534,A0185,country,187775
S02535,Song 02535,A0393,rock,167644
S02536,Song 02536,A0262,country,215486
S02537,Song 02537,A0118,latin,337401
S02538,Song 02538,A0290,r_and_b,142736
S02539,Song 02539,A0049,jazz,242408
S02540,Song 02540,A0148,classical,279367
S02541,Song 02541,A0026,reggaeton,283484
S02542,Song 02542,A0132,r_and_b,188447
S02543,Song 02543,A0042,metal,255849
S02544,Song 02544,A0317,country,238404
S02545,Song 02545,A0143,latin,339044
S02546,Song 02546,A0166,electronic,235184
S02547,Song 02547,A0105,hip_hop,206292
S02548,Song 02548,A0205,jazz,171568
S02549,Song 02549,A0001,metal,237889
S02550,Song 02550,A0245,latin,112079
S02551,Song 02551,A0194,jazz,78698
S02552,Song 02552,A0086,indie_rock,165316
S02553,Song 02553,A0331,jazz,279736
S02554,Song 02554,A0336,reggaeton,231211
S02555,Song 02555,A0013,classical,200374
S02556,Song 02556,A0033,metal,362576
S02557,Song 02557,A0120,reggaeton,235719
S02558,Song 02558,A0381,r_and_b,287593
S02559,Song 02559,A0293,pop,243254
S02560,Song 02560,A0261,classical,184247
S02561,Song 02561,A0032,electronic,252218
S02562,Song 02562,A0086,indie_rock,187308
S02563,Song 02563,A0318,hip_hop,99738
S02564,Song 02564,A0315,pop,187253
S02565,Song 02565,A0135,indie_rock,115683
S02566,Song 02566,A0328,electronic,244932
S02567,Song 02567,A0003,country,224814
S02568,Song 02568,A0179,hip_hop,168814
S02569,Song 02569,A0037,classical,109800
S02570,Song 02570,A0259,electronic,156307
S02571,Song 02571,A0203,classical,264274
S02572,Song 02572,A0017,metal,245188
S02573,Song 02573,A0064,classical,266345
S02574,Song 02574,A0193,jazz,140597
S02575,Song 02575,A0174,jazz,315615
S02576,Song 02576,A0388,hip_hop,289697
S02577,Song 02577,A0333,jazz,230133
S02578,Song 02578,A0009,reggaeton,200135
S02579,Song 02579,A0249,rock,316581
S02580,Song 02580,A0157,electronic,191000
S02581,Song 02581,A0180,indie_rock,277848
S02582,Song 02582,A0303,hip_hop,148577
S02583,Song 02583,A0298,electronic,291376
S02584,Song 02584,A0110,r_and_b,315152
S02585,Song 02585,A0075,reggaeton,195320
S02586,Song 02586,A0012,electronic,139671
S02587,Song 02587,A0264,latin,110952
S02588,Song 02588,A0168,reggaeton,213000
S02589,Song 02589,A0278,rock,212438
S02590,Song 02590,A0369,electronic,248843
S02591,Song 02591,A0204,rock,158681
S02592,Song 02592,A0329,reggaeton,174201
S02593,Song 02593,A0252,classical,273471
S02594,Song 02594,A0383,jazz,209819
S02595,Song 02595,A0371,reggaeton,235243
S02596,Song 02596,A0026,reggaeton,321912
S02597,Song 02597,A0015,jazz,111923
S02598,Song 02598,A0094,indie_rock,342562
S02599,Song 02599,A0307,hip_hop,235727
S02600,Song 02600,A0373,rock,201748
S02601,Song 02601,A0268,electronic,185201
S02602,Song 02602,A0384,rock,303360
S02603,Song 02603,A0077,rock,167256
S02604,Song 02604,A0186,reggaeton,323989
S02605,Song 02605,A0130,hip_hop,254205
S02606,Song 02606,A0003,country,172724
S02607,Song 02607,A0166,electronic,226349
S02608,Song 02608,A0230,r_and_b,325505
S02609,Song 02609,A0339,hip_hop,175379
S02610,Song 02610,A0354,pop,221771
S02611,Song 02611,A0163,pop,246821
S02612,Song 02612,A0148,classical,105960
S02613,Song 02613,A0313,electronic,238334
S02614,Song 02614,A0368,indie_rock,168281
S02615,Song 02615,A0144,pop,102786
S02616,Song 02616,A0005,latin,202769
S02617,Song 02617,A0056,latin,222109
S02618,Song 02618,A0306,r_and_b,245403
S02619,Song 02619,A0032,electronic,247179
S02620,Song 02620,A0032,electronic,88227
S02621,Song 02621,A0310,r_and_b,163667
S02622,Song 02622,A0361,r_and_b,206301
S02623,Song 02623,A0380,r_and_b,308889
S02624,Song 02624,A0190,metal,316620
S02625,Song 02625,A0049,jazz,269662
S02626,Song 02626,A0299,pop,258944
S02627,Song 02627,A0130,hip_hop,259881
S02628,Song 02628,A0014,r_and_b,159521
S02629,Song 02629,A0383,jazz,155036
S02630,Song 02630,A0271,latin,165135
S02631,Song 02631,A0082,metal,332865
S02632,Song 02632,A0042,metal,244962
S02633,Song 02633,A0034,latin,345697
S02634,Song 02634,A0179,hip_hop,281570
S02635,Song 02635,A0285,metal,199531
S02636,Song 02636,A0209,classical,161367
S02637,Song 02637,A0178,pop,144783
S02638,Song 02638,A0319,latin,273053
S02639,Song 02639,A0284,latin,308464
S02640,Song 02640,A0167,jazz,148200
S02641,Song 02641,A0294,metal,235084
S02642,Song 02642,A0042,metal,83846
S02643,Song 02643,A0066,latin,342395
S02644,Song 02644,A0262,country,305399
S02645,Song 02645,A0292,latin,166293
S02646,Song 02646,A0012,electronic,313390
S02647,Song 02647,A0013,classical,88206
S02648,Song 02648,A0043,electronic,259435
S02649,Song 02649,A0057,country,364005
S02650,Song 02650,A0202,rock,212462
S02651,Song 02651,A0121,classical,260674
S02652,Song 02652,A0195,classical,155401
S02653,Song 02653,A0232,classical,129695
S02654,Song 02654,A0029,latin,213374
S02655,Song 02655,A0170,electronic,77900
S02656,Song 02656,A0039,reggaeton,246178
S02657,Song 02657,A0335,classical,261161
S02658,Song 02658,A0309,reggaeton,171414
S02659,Song 02659,A0187,rock,211469
S02660,Song 02660,A0263,electronic,257169
S02661,Song 02661,A0327,indie_rock,182952
S02662,Song 02662,A0141,hip_hop,55991
S02663,Song 02663,A0004,jazz,233581
S02664,Song 02664,A0340,country,201976
S02665,Song 02665,A0147,indie_rock,220646
S02666,Song 02666,A0068,jazz,245406
S02667,Song 02667,A0266,r_and_b,271959
S02668,Song 02668,A0318,hip_hop,211638
S02669,Song 02669,A0155,latin,232321
S02670,Song 02670,A0042,metal,133410
S02671,Song 02671,A0205,jazz,235116
S02672,Song 02672,A0355,rock,234836
S02673,Song 02673,A0030,latin,319382
S02674,Song 02674,A0224,electronic,221091
S02675,Song 02675,A0397,rock,155363
S02676,Song 02676,A0145,pop,234348
S02677,Song 02677,A0153,rock,162994
S02678,Song 02678,A0081,r_and_b,273690
S02679,Song 02679,A0262,country,146810
S02680,Song 02680,A0040,classical,267384
S02681,Song 02681,A0219,country,148773
S02682,Song 02682,A0149,electronic,242267
S02683,Song 02683,A0033,metal,200889
S02684,Song 02684,A0289,metal,267138
S02685,Song 02685,A0304,latin,199287
S02686,Song 02686,A0252,classical,330214
S02687,Song 02687,A0389,metal,233828
S02688,Song 02688,A0188,rock,351101
S02689,Song 02689,A0268,electronic,216827
S02690,Song 02690,A0083,indie_rock,175010
S02691,Song 02691,A0117,rock,118859
S02692,Song 02692,A0360,reggaeton,199835
S02693,Song 02693,A0204,rock,314589
S02694,Song 02694,A0099,pop,295374
S02695,Song 02695,A0115,hip_hop,214031
S02696,Song 02696,A0101,jazz,192002
S02697,Song 02697,A0166,electronic,164497
S02698,Song 02698,A0287,indie_rock,77303
S02699,Song 02699,A0088,reggaeton,210616
S02700,Song 02700,A0232,classical,221462
S02701,Song 02701,A0362,latin,44506
S02702,Song 02702,A0148,classical,214311
S02703,Song 02703,A0386,classical,279692
S02704,Song 02704,A0124,latin,196081
S02705,Song 02705,A0366,latin,158463
S02706,Song 02706,A0377,indie_rock,132359
S02707,Song 02707,A0239,pop,254109
S02708,Song 02708,A0196,classical,120481
S02709,Song 02709,A0144,pop,206314
S02710,Song 02710,A0035,jazz,277667
S02711,Song 02711,A0349,hip_hop,257744
S02712,Song 02712,A0124,latin,180207
S02713,Song 02713,A0229,reggaeton,354400
S02714,Song 02714,A0383,jazz,281888
S02715,Song 02715,A0399,latin,195475
S02716,Song 02716,A0041,hip_hop,295446
S02717,Song 02717,A0115,hip_hop,190884
S02718,Song 02718,A0226,country,209823
S02719,Song 02719,A0055,electronic,196591
S02720,Song 02720,A0003,country,224138
S02721,Song 02721,A0211,pop,203072
S02722,Song 02722,A0313,electronic,224851
S02723,Song 02723,A0185,country,182093
S02724,Song 02724,A0154,pop,117286
S02725,Song 02725,A0028,r_and_b,327493
S02726,Song 02726,A0303,hip_hop,288762
S02727,Song 02727,A0362,latin,175793
S02728,Song 02728,A0338,r_and_b,274713
S02729,Song 02729,A0005,latin,103590
S02730,Song 02730,A0241,metal,175637
S02731,Song 02731,A0153,rock,194907
S02732,Song 02732,A0025,country,365559
S02733,Song 02733,A0155,latin,271880
S02734,Song 02734,A0113,country,117960
S02735,Song 02735,A0120,reggaeton,298507
S02736,Song 02736,A0168,reggaeton,200910
S02737,Song 02737,A0129,electronic,144540
S02738,Song 02738,A0308,electronic,199835
S02739,Song 02739,A0073,pop,228010
S02740,Song 02740,A0105,hip_hop,218333
S02741,Song 02741,A0245,latin,250603
S02742,Song 02742,A0071,latin,134422
S02743,Song 02743,A0313,electronic,128211
S02744,Song 02744,A0080,indie_rock,121744
S02745,Song 02745,A0271,latin,222067
S02746,Song 02746,A0199,jazz,122442
S02747,Song 02747,A0341,metal,43459
S02748,Song 02748,A0304,latin,108174
S02749,Song 02749,A0340,country,223621
S02750,Song 02750,A0381,r_and_b,310180
S02751,Song 02751,A0183,jazz,189916
S02752,Song 02752,A0228,r_and_b,223008
S02753,Song 02753,A0296,country,30000
S02754,Song 02754,A0332,electronic,156129
S02755,Song 02755,A0259,electronic,216725
S02756,Song 02756,A0376,rock,81532
S02757,Song 02757,A0220,hip_hop,136567
S02758,Song 02758,A0240,country,116989
S02759,Song 02759,A0075,reggaeton,152218
S02760,Song 02760,A0372,hip_hop,184587
S02761,Song 02761,A0328,electronic,270564
S02762,Song 02762,A0203,classical,264782
S02763,Song 02763,A0021,electronic,222586
S02764,Song 02764,A0209,classical,289555
S02765,Song 02765,A0294,metal,275580
S02766,Song 02766,A0209,classical,195918
S02767,Song 02767,A0275,indie_rock,277354
S02768,Song 02768,A0064,classical,163358
S02769,Song 02769,A0041,hip_hop,176304
S02770,Song 02770,A0034,latin,178106
S02771,Song 02771,A0064,classical,306570
S02772,Song 02772,A0286,indie_rock,328446
S02773,Song 02773,A0376,rock,206725
S02774,Song 02774,A0013,classical,170862
S02775,Song 02775,A0305,electronic,325960
S02776,Song 02776,A0205,jazz,131601
S02777,Song 02777,A0137,country,286276
S02778,Song 02778,A0396,country,285645
S02779,Song 02779,A0298,electronic,159164
S02780,Song 02780,A0152,jazz,267935
S02781,Song 02781,A0307,hip_hop,156505
S02782,Song 02782,A0285,metal,230327
S02783,Song 02783,A0302,electronic,185441
S02784,Song 02784,A0156,metal,236214
S02785,Song 02785,A0203,classical,186440
S02786,Song 02786,A0137,country,154764
S02787,Song 02787,A0049,jazz,225559
S02788,Song 02788,A0272,r_and_b,252642
S02789,Song 02789,A0071,latin,237128
S02790,Song 02790,A0321,reggaeton,143534
S02791,Song 02791,A0323,hip_hop,314511
S02792,Song 02792,A0082,metal,187804
S02793,Song 02793,A0006,latin,246908
S02794,Song 02794,A0273,metal,121876
S02795,Song 02795,A0367,pop,221899
S02796,Song 02796,A0125,country,169005
S02797,Song 02797,A0234,pop,202821
S02798,Song 02798,A0009,reggaeton,270121
S02799,Song 02799,A0254,jazz,198737
S02800,Song 02800,A0178,pop,204162
S02801,Song 02801,A0392,rock,270035
S02802,Song 02802,A0276,r_and_b,262529
S02803,Song 02803,A0355,rock,173141
S02804,Song 02804,A0173,metal,188791
S02805,Song 02805,A0266,r_and_b,199882
S02806,Song 02806,A0266,r_and_b,169434
S02807,Song 02807,A0265,classical,187036
S02808,Song 02808,A0278,rock,263492
S02809,Song 02809,A0388,hip_hop,166040
S02810,Song 02810,A0182,pop,241036
S02811,Song 02811,A0379,rock,165205
S02812,Song 02812,A0259,electronic,100319
S02813,Song 02813,A0017,metal,220947
S02814,Song 02814,A0147,indie_rock,238153
S02815,Song 02815,A0199,jazz,245649
S02816,Song 02816,A0391,classical,237730
S02817,Song 02817,A0208,hip_hop,233280
S02818,Song 02818,A0290,r_and_b,100222
S02819,Song 02819,A0089,reggaeton,207290
S02820,Song 02820,A0005,latin,271037
S02821,Song 02821,A0330,hip_hop,263234
S02822,Song 02822,A0349,hip_hop,188534
S02823,Song 02823,A0139,rock,231934
S02824,Song 02824,A0336,reggaeton,260061
S02825,Song 02825,A0271,latin,208034
S02826,Song 02826,A0349,hip_hop,232707
S02827,Song 02827,A0301,latin,271198
S02828,Song 02828,A0190,metal,244179
S02829,Song 02829,A0399,latin,195556
S02830,Song 02830,A0030,latin,120216
S02831,Song 02831,A0350,rock,174979
S02832,Song 02832,A0291,rock,302663
S02833,Song 02833,A0209,classical,230523
S02834,Song 02834,A0163,pop,307160
S02835,Song 02835,A0119,rock,209163
S02836,Song 02836,A0172,classical,330026
S02837,Song 02837,A0141,hip_hop,157133
S02838,Song 02838,A0074,reggaeton,88007
S02839,Song 02839,A0052,reggaeton,256362
S02840,Song 02840,A0398,jazz,205085
S02841,Song 02841,A0118,latin,258110
S02842,Song 02842,A0185,country,371207
S02843,Song 02843,A0359,electronic,235590
S02844,Song 02844,A0079,electronic,265008
S02845,Song 02845,A0146,r_and_b,69030
S02846,Song 02846,A0206,metal,231441
S02847,Song 02847,A0386,classical,177126
S02848,Song 02848,A0348,classical,212064
S02849,Song 02849,A0022,country,296434
S02850,Song 02850,A0272,r_and_b,288399
S02851,Song 02851,A0051,reggaeton,141873
S02852,Song 02852,A0351,r_and_b,224961
S02853,Song 02853,A0320,classical,316755
S02854,Song 02854,A0363,electronic,295135
S02855,Song 02855,A0312,pop,392719
S02856,Song 02856,A0367,pop,144443
S02857,Song 02857,A0312,pop,249981
S02858,Song 02858,A0341,metal,134132
S02859,Song 02859,A0266,r_and_b,333428
S02860,Song 02860,A0312,pop,284147
S02861,Song 02861,A0387,r_and_b,327453
S02862,Song 02862,A0229,reggaeton,219229
S02863,Song 02863,A0337,pop,318977
S02864,Song 02864,A0257,classical,99472
S02865,Song 02865,A0219,country,250304
S02866,Song 02866,A0213,classical,159543
S02867,Song 02867,A0346,latin,189378
S02868,Song 02868,A0143,latin,158591
S02869,Song 02869,A0056,latin,238630
S02870,Song 02870,A0316,metal,212203
S02871,Song 02871,A0273,metal,154376
S02872,Song 02872,A0033,metal,181761
S02873,Song 02873,A0283,latin,321001
S02874,Song 02874,A0354,pop,209367
S02875,Song 02875,A0386,classical,281743
S02876,Song 02876,A0018,country,140273
S02877,Song 02877,A0258,reggaeton,254588
S02878,Song 02878,A0164,classical,360656
S02879,Song 02879,A0057,country,185536
S02880,Song 02880,A0186,reggaeton,318752
S02881,Song 02881,A0156,metal,147451
S02882,Song 02882,A0308,electronic,184291
S02883,Song 02883,A0337,pop,190354
S02884,Song 02884,A0266,r_and_b,301655
S02885,Song 02885,A0064,classical,186287
S02886,Song 02886,A0114,electronic,238213
S02887,Song 02887,A0246,country,238593
S02888,Song 02888,A0356,metal,273626
S02889,Song 02889,A0378,pop,265600
S02890,Song 02890,A0363,electronic,268366
S02891,Song 02891,A0298,electronic,174737
S02892,Song 02892,A0184,electronic,257525
S02893,Song 02893,A0400,metal,167082
S02894,Song 02894,A0252,classical,292302
S02895,Song 02895,A0386,classical,370152
S02896,Song 02896,A0380,r_and_b,276464
S02897,Song 02897,A0235,metal,178373
S02898,Song 02898,A0230,r_and_b,245050
S02899,Song 02899,A0190,metal,332377
S02900,Song 02900,A0347,pop,197244
S02901,Song 02901,A0242,electronic,206731
S02902,Song 02902,A0014,r_and_b,96933
S02903,Song 02903,A0111,latin,245472
S02904,Song 02904,A0044,latin,248797
S02905,Song 02905,A0254,jazz,271671
S02906,Song 02906,A0358,latin,241161
S02907,Song 02907,A0084,r_and_b,182692
S02908,Song 02908,A0174,jazz,198947
S02909,Song 02909,A0079,electronic,292897
S02910,Song 02910,A0197,pop,157111
S02911,Song 02911,A0128,electronic,276612
S02912,Song 02912,A0177,pop,297576
S02913,Song 02913,A0359,electronic,204134
S02914,Song 02914,A0118,latin,167239
S02915,Song 02915,A0349,hip_hop,300840
S02916,Song 02916,A0188,rock,165757
S02917,Song 02917,A0234,pop,248162
S02918,Song 02918,A0388,hip_hop,228710
S02919,Song 02919,A0275,indie_rock,357222
S02920,Song 02920,A0395,electronic,127572
S02921,Song 02921,A0013,classical,242350
S02922,Song 02922,A0051,reggaeton,219780
S02923,Song 02923,A0175,classical,109713
S02924,Song 02924,A0218,indie_rock,286984
S02925,Song 02925,A0178,pop,269296
S02926,Song 02926,A0204,rock,309093
S02927,Song 02927,A0375,latin,230350
S02928,Song 02928,A0058,electronic,207139
S02929,Song 02929,A0259,electronic,41326
S02930,Song 02930,A0102,metal,206388
S02931,Song 02931,A0349,hip_hop,272904
S02932,Song 02932,A0116,electronic,254994
S02933,Song 02933,A0328,electronic,279662
S02934,Song 02934,A0068,jazz,272282
S02935,Song 02935,A0071,latin,224785
S02936,Song 02936,A0316,metal,280173
S02937,Song 02937,A0130,hip_hop,298815
S02938,Song 02938,A0348,classical,336242
S02939,Song 02939,A0040,classical,295118
S02940,Song 02940,A0256,classical,136520
S02941,Song 02941,A0306,r_and_b,213034
S02942,Song 02942,A0394,classical,191601
S02943,Song 02943,A0378,pop,207883
S02944,Song 02944,A0391,classical,208212
S02945,Song 02945,A0087,classical,191923
S02946,Song 02946,A0092,indie_rock,249767
S02947,Song 02947,A0215,pop,172410
S02948,Song 02948,A0250,metal,278800
S02949,Song 02949,A0182,pop,195545
S02950,Song 02950,A0106,country,258901
S02951,Song 02951,A0050,reggaeton,332101
S02952,Song 02952,A0225,jazz,179816
S02953,Song 02953,A0395,electronic,172823
S02954,Song 02954,A0189,r_and_b,246856
S02955,Song 02955,A0227,reggaeton,181539
S02956,Song 02956,A0227,reggaeton,300728
S02957,Song 02957,A0120,reggaeton,178389
S02958,Song 02958,A0384,rock,140043
S02959,Song 02959,A0221,electronic,108501
S02960,Song 02960,A0340,country,252827
S02961,Song 02961,A0040,classical,221645
S02962,Song 02962,A0129,electronic,252345
S02963,Song 02963,A0126,country,184533
S02964,Song 02964,A0017,metal,291136
S02965,Song 02965,A0162,rock,254630
S02966,Song 02966,A0265,classical,251231
S02967,Song 02967,A0079,electronic,196082
S02968,Song 02968,A0159,latin,276422
S02969,Song 02969,A0183,jazz,283766
S02970,Song 02970,A0252,classical,222005
S02971,Song 02971,A0163,pop,193108
S02972,Song 02972,A0168,reggaeton,125931
S02973,Song 02973,A0156,metal,228781
S02974,Song 02974,A0059,indie_rock,243245
S02975,Song 02975,A0261,classical,83489
S02976,Song 02976,A0071,latin,282586
S02977,Song 02977,A0104,pop,221111
S02978,Song 02978,A0117,rock,248288
S02979,Song 02979,A0147,indie_rock,216322
S02980,Song 02980,A0315,pop,240420
S02981,Song 02981,A0102,metal,156423
S02982,Song 02982,A0129,electronic,254402
S02983,Song 02983,A0108,jazz,310490
S02984,Song 02984,A0398,jazz,221233
S02985,Song 02985,A0099,pop,283568
S02986,Song 02986,A0314,latin,285440
S02987,Song 02987,A0051,reggaeton,218033
S02988,Song 02988,A0362,latin,250896
S02989,Song 02989,A0285,metal,281800
S02990,Song 02990,A0189,r_and_b,304994
S02991,Song 02991,A0043,electronic,224091
S02992,Song 02992,A0189,r_and_b,222714
S02993,Song 02993,A0308,electronic,255051
S02994,Song 02994,A0015,jazz,299504
S02995,Song 02995,A0226,country,140157
S02996,Song 02996,A0248,electronic,209063
S02997,Song 02997,A0108,jazz,194947
S02998,Song 02998,A0356,metal,201490
S02999,Song 02999,A0244,jazz,214855
S03000,Song 03000,A0038,indie_rock,407105
S03001,Song 03001,A0097,rock,314979
S03002,Song 03002,A0206,metal,207081
S03003,Song 03003,A0189,r_and_b,159998
S03004,Song 03004,A0333,jazz,219130
S03005,Song 03005,A0238,jazz,300662
S03006,Song 03006,A0326,country,228362
S03007,Song 03007,A0158,jazz,402169
S03008,Song 03008,A0283,latin,206281
S03009,Song 03009,A0345,jazz,229459
S03010,Song 03010,A0158,jazz,182153
S03011,Song 03011,A0027,rock,206815
S03012,Song 03012,A0103,indie_rock,200375
S03013,Song 03013,A0278,rock,204440
S03014,Song 03014,A0104,pop,171214
S03015,Song 03015,A0164,classical,227541
S03016,Song 03016,A0044,latin,321081
S03017,Song 03017,A0316,metal,238523
S03018,Song 03018,A0270,classical,268581
S03019,Song 03019,A0131,pop,192193
S03020,Song 03020,A0154,pop,236101
S03021,Song 03021,A0162,rock,355353
S03022,Song 03022,A0299,pop,235026
S03023,Song 03023,A0388,hip_hop,231851
S03024,Song 03024,A0357,indie_rock,222836
S03025,Song 03025,A0378,pop,338039
S03026,Song 03026,A0006,latin,225390
S03027,Song 03027,A0211,pop,174769
S03028,Song 03028,A0119,rock,190443
S03029,Song 03029,A0316,metal,160301
S03030,Song 03030,A0238,jazz,229802
S03031,Song 03031,A0238,jazz,240501
S03032,Song 03032,A0206,metal,253017
S03033,Song 03033,A0062,jazz,212399
S03034,Song 03034,A0260,rock,306386
S03035,Song 03035,A0337,pop,94613
S03036,Song 03036,A0369,electronic,122561
S03037,Song 03037,A0113,country,279721
S03038,Song 03038,A0084,r_and_b,193058
S03039,Song 03039,A0104,pop,294021
S03040,Song 03040,A0204,rock,193770
S03041,Song 03041,A0296,country,234442
S03042,Song 03042,A0035,jazz,171881
S03043,Song 03043,A0223,indie_rock,280417
S03044,Song 03044,A0187,rock,128303
S03045,Song 03045,A0047,rock,140475
S03046,Song 03046,A0177,pop,330248
S03047,Song 03047,A0155,latin,329913
S03048,Song 03048,A0006,latin,182062
S03049,Song 03049,A0166,electronic,145756
S03050,Song 03050,A0119,rock,228647
S03051,Song 03051,A0134,rock,128293
S03052,Song 03052,A0331,jazz,231887
S03053,Song 03053,A0244,jazz,146938
S03054,Song 03054,A0208,hip_hop,319709
S03055,Song 03055,A0155,latin,68883
S03056,Song 03056,A0180,indie_rock,262188
S03057,Song 03057,A0168,reggaeton,161092
S03058,Song 03058,A0186,reggaeton,220323
S03059,Song 03059,A0287,indie_rock,158563
S03060,Song 03060,A0309,reggaeton,256619
S03061,Song 03061,A0107,hip_hop,360447
S03062,Song 03062,A0038,indie_rock,233328
S03063,Song 03063,A0060,indie_rock,112174
S03064,Song 03064,A0216,metal,269299
S03065,Song 03065,A0353,r_and_b,119774
S03066,Song 03066,A0028,r_and_b,208783
S03067,Song 03067,A0329,reggaeton,175273
S03068,Song 03068,A0318,hip_hop,259769
S03069,Song 03069,A0287,indie_rock,205098
S03070,Song 03070,A0159,latin,209291
S03071,Song 03071,A0081,r_and_b,130055
S03072,Song 03072,A0103,indie_rock,180375
S03073,Song 03073,A0070,hip_hop,237780
S03074,Song 03074,A0149,electronic,207093
S03075,Song 03075,A0287,indie_rock,145462
S03076,Song 03076,A0265,classical,185413
S03077,Song 03077,A0382,metal,317025
S03078,Song 03078,A0349,hip_hop,267043
S03079,Song 03079,A0129,electronic,158526
S03080,Song 03080,A0310,r_and_b,179564
S03081,Song 03081,A0153,rock,240444
S03082,Song 03082,A0394,classical,118735
S03083,Song 03083,A0349,hip_hop,240846
S03084,Song 03084,A0113,country,218934
S03085,Song 03085,A0148,classical,164447
S03086,Song 03086,A0077,rock,196197
S03087,Song 03087,A0380,r_and_b,198220
S03088,Song 03088,A0227,reggaeton,269911
S03089,Song 03089,A0128,electronic,334466
S03090,Song 03090,A0045,indie_rock,328953
S03091,Song 03091,A0118,latin,179906
S03092,Song 03092,A0073,pop,157491
S03093,Song 03093,A0104,pop,221357
S03094,Song 03094,A0258,reggaeton,341393
S03095,Song 03095,A0373,rock,195597
S03096,Song 03096,A0349,hip_hop,371404
S03097,Song 03097,A0387,r_and_b,236753
S03098,Song 03098,A0292,latin,249856
S03099,Song 03099,A0106,country,260671
S03100,Song 03100,A0018,country,195764
S03101,Song 03101,A0021,electronic,353137
S03102,Song 03102,A0385,latin,238507
S03103,Song 03103,A0204,rock,179147
S03104,Song 03104,A0320,classical,183263
S03105,Song 03105,A0318,hip_hop,224198
S03106,Song 03106,A0244,jazz,188456
S03107,Song 03107,A0361,r_and_b,266378
S03108,Song 03108,A0250,metal,150191
S03109,Song 03109,A0198,latin,231968
S03110,Song 03110,A0144,pop,249402
S03111,Song 03111,A0255,classical,190229
S03112,Song 03112,A0118,latin,223715
S03113,Song 03113,A0193,jazz,125358
S03114,Song 03114,A0288,jazz,182108
S03115,Song 03115,A0245,latin,211374
S03116,Song 03116,A0057,country,216822
S03117,Song 03117,A0142,indie_rock,170338
S03118,Song 03118,A0337,pop,237688
S03119,Song 03119,A0085,jazz,317335
S03120,Song 03120,A0215,pop,318778
S03121,Song 03121,A0205,jazz,196698
S03122,Song 03122,A0251,r_and_b,182983
S03123,Song 03123,A0101,jazz,259838
S03124,Song 03124,A0266,r_and_b,174848
S03125,Song 03125,A0119,rock,227538
S03126,Song 03126,A0362,latin,295617
S03127,Song 03127,A0324,classical,190227
S03128,Song 03128,A0006,latin,247152
S03129,Song 03129,A0037,classical,184936
S03130,Song 03130,A0210,r_and_b,331836
S03131,Song 03131,A0388,hip_hop,196917
S03132,Song 03132,A0037,classical,108073
S03133,Song 03133,A0147,indie_rock,298844
S03134,Song 03134,A0047,rock,212521
S03135,Song 03135,A0296,country,178353
S03136,Song 03136,A0388,hip_hop,245032
S03137,Song 03137,A0167,jazz,189774
S03138,Song 03138,A0009,reggaeton,165296
S03139,Song 03139,A0098,country,219808
S03140,Song 03140,A0036,latin,176698
S03141,Song 03141,A0030,latin,249679
S03142,Song 03142,A0342,classical,304614
S03143,Song 03143,A0122,reggaeton,275717
S03144,Song 03144,A0247,pop,44334
S03145,Song 03145,A0284,latin,237038
S03146,Song 03146,A0036,latin,171858
S03147,Song 03147,A0126,country,259355
S03148,Song 03148,A0378,pop,231133
S03149,Song 03149,A0120,reggaeton,209031
S03150,Song 03150,A0212,jazz,144058
S03151,Song 03151,A0126,country,238074
S03152,Song 03152,A0389,metal,197616
S03153,Song 03153,A0152,jazz,152278
S03154,Song 03154,A0033,metal,297611
S03155,Song 03155,A0004,jazz,264249
S03156,Song 03156,A0268,electronic,114596
S03157,Song 03157,A0113,country,220203
S03158,Song 03158,A0045,indie_rock,252738
S03159,Song 03159,A0110,r_and_b,146986
S03160,Song 03160,A0058,electronic,196588
S03161,Song 03161,A0248,electronic,228660
S03162,Song 03162,A0099,pop,210554
S03163,Song 03163,A0014,r_and_b,341376
S03164,Song 03164,A0136,electronic,255730
S03165,Song 03165,A0278,rock,183658
S03166,Song 03166,A0134,rock,144756
S03167,Song 03167,A0364,pop,241444
S03168,Song 03168,A0108,jazz,283559
S03169,Song 03169,A0381,r_and_b,230806
S03170,Song 03170,A0080,indie_rock,272106
S03171,Song 03171,A0296,country,202438
S03172,Song 03172,A0064,classical,169001
S03173,Song 03173,A0252,classical,260852
S03174,Song 03174,A0163,pop,55923
S03175,Song 03175,A0216,metal,251817
S03176,Song 03176,A0121,classical,232661
S03177,Song 03177,A0161,classical,113467
S03178,Song 03178,A0027,rock,178569
S03179,Song 03179,A0292,latin,306721
S03180,Song 03180,A0042,metal,198014
S03181,Song 03181,A0003,country,192023
S03182,Song 03182,A0194,jazz,257979
S03183,Song 03183,A0305,electronic,227778
S03184,Song 03184,A0099,pop,216696
S03185,Song 03185,A0126,country,305253
S03186,Song 03186,A0049,jazz,353614
S03187,Song 03187,A0395,electronic,160605
S03188,Song 03188,A0329,reggaeton,243239
S03189,Song 03189,A0077,rock,184805
S03190,Song 03190,A0089,reggaeton,253386
S03191,Song 03191,A0277,electronic,230402
S03192,Song 03192,A0324,classical,307515
S03193,Song 03193,A0148,classical,175877
S03194,Song 03194,A0122,reggaeton,158279
S03195,Song 03195,A0133,metal,232776
S03196,Song 03196,A0021,electronic,178142
S03197,Song 03197,A0277,electronic,270030
S03198,Song 03198,A0175,classical,307859
S03199,Song 03199,A0309,reggaeton,170769
S03200,Song 03200,A0107,hip_hop,340433
S03201,Song 03201,A0307,hip_hop,269895
S03202,Song 03202,A0014,r_and_b,265215
S03203,Song 03203,A0190,metal,243938
S03204,Song 03204,A0018,country,345278
S03205,Song 03205,A0357,indie_rock,123264
S03206,Song 03206,A0085,jazz,188753
S03207,Song 03207,A0091,latin,244319
S03208,Song 03208,A0314,latin,306673
S03209,Song 03209,A0244,jazz,228066
S03210,Song 03210,A0136,electronic,315848
S03211,Song 03211,A0222,hip_hop,198841
S03212,Song 03212,A0266,r_and_b,371199
S03213,Song 03213,A0290,r_and_b,211787
S03214,Song 03214,A0125,country,126662
S03215,Song 03215,A0296,country,30000
S03216,Song 03216,A0098,country,148449
S03217,Song 03217,A0159,latin,226460
S03218,Song 03218,A0356,metal,242077
S03219,Song 03219,A0055,electronic,206367
S03220,Song 03220,A0384,rock,194267
S03221,Song 03221,A0017,metal,112479
S03222,Song 03222,A0106,country,349644
S03223,Song 03223,A0168,reggaeton,249201
S03224,Song 03224,A0316,metal,267721
S03225,Song 03225,A0131,pop,231014
S03226,Song 03226,A0127,rock,168680
S03227,Song 03227,A0161,classical,348040
S03228,Song 03228,A0121,classical,270807
S03229,Song 03229,A0354,pop,205581
S03230,Song 03230,A0280,latin,223579
S03231,Song 03231,A0013,classical,143812
S03232,Song 03232,A0247,pop,230530
S03233,Song 03233,A0185,country,256553
S03234,Song 03234,A0239,pop,108792
S03235,Song 03235,A0278,rock,207490
S03236,Song 03236,A0322,r_and_b,196641
S03237,Song 03237,A0270,classical,246766
S03238,Song 03238,A0002,latin,168376
S03239,Song 03239,A0013,classical,230867
S03240,Song 03240,A0363,electronic,276111
S03241,Song 03241,A0251,r_and_b,248388
S03242,Song 03242,A0199,jazz,271354
S03243,Song 03243,A0128,electronic,196642
S03244,Song 03244,A0368,indie_rock,264523
S03245,Song 03245,A0062,jazz,351779
S03246,Song 03246,A0333,jazz,225505
S03247,Song 03247,A0303,hip_hop,291193
S03248,Song 03248,A0199,jazz,230345
S03249,Song 03249,A0074,reggaeton,303741
S03250,Song 03250,A0172,classical,266220
S03251,Song 03251,A0252,classical,110640
S03252,Song 03252,A0329,reggaeton,186197
S03253,Song 03253,A0148,classical,225734
S03254,Song 03254,A0318,hip_hop,349297
S03255,Song 03255,A0006,latin,159727
S03256,Song 03256,A0054,jazz,175997
S03257,Song 03257,A0302,electronic,229927
S03258,Song 03258,A0005,latin,191474
S03259,Song 03259,A0170,electronic,90170
S03260,Song 03260,A0137,country,342058
S03261,Song 03261,A0030,latin,115034
S03262,Song 03262,A0149,electronic,208674
S03263,Song 03263,A0316,metal,288582
S03264,Song 03264,A0018,country,196922
S03265,Song 03265,A0355,rock,339473
S03266,Song 03266,A0317,country,213458
S03267,Song 03267,A0357,indie_rock,235091
S03268,Song 03268,A0371,reggaeton,178581
S03269,Song 03269,A0248,electronic,239541
S03270,Song 03270,A0219,country,204895
S03271,Song 03271,A0159,latin,239165
S03272,Song 03272,A0140,latin,161206
S03273,Song 03273,A0050,reggaeton,140646
S03274,Song 03274,A0059,indie_rock,231970
S03275,Song 03275,A0085,jazz,196447
S03276,Song 03276,A0028,r_and_b,238305
S03277,Song 03277,A0376,rock,312035
S03278,Song 03278,A0194,jazz,288447
S03279,Song 03279,A0150,indie_rock,235011
S03280,Song 03280,A0007,latin,203729
S03281,Song 03281,A0167,jazz,218608
S03282,Song 03282,A0232,classical,205397
S03283,Song 03283,A0354,pop,220613
S03284,Song 03284,A0006,latin,135664
S03285,Song 03285,A0288,jazz,238107
S03286,Song 03286,A0332,electronic,266575
S03287,Song 03287,A0205,jazz,250140
S03288,Song 03288,A0122,reggaeton,202681
S03289,Song 03289,A0363,electronic,253719
S03290,Song 03290,A0199,jazz,158069
S03291,Song 03291,A0013,classical,228196
S03292,Song 03292,A0302,electronic,183702
S03293,Song 03293,A0022,country,240645
S03294,Song 03294,A0351,r_and_b,172334
S03295,Song 03295,A0344,r_and_b,262430
S03296,Song 03296,A0024,reggaeton,127028
S03297,Song 03297,A0001,metal,143682
S03298,Song 03298,A0058,electronic,284733
S03299,Song 03299,A0393,rock,294654
S03300,Song 03300,A0320,classical,303213
S03301,Song 03301,A0091,latin,208230
S03302,Song 03302,A0055,electronic,204187
S03303,Song 03303,A0050,reggaeton,230006
S03304,Song 03304,A0110,r_and_b,135810
S03305,Song 03305,A0378,pop,128482
S03306,Song 03306,A0166,electronic,191558
S03307,Song 03307,A0136,electronic,208148
S03308,Song 03308,A0265,classical,256832
S03309,Song 03309,A0315,pop,128782
S03310,Song 03310,A0197,pop,204813
S03311,Song 03311,A0192,reggaeton,174510
S03312,Song 03312,A0201,r_and_b,180576
S03313,Song 03313,A0086,indie_rock,243931
S03314,Song 03314,A0056,latin,291430
S03315,Song 03315,A0190,metal,225053
S03316,Song 03316,A0317,country,313763
S03317,Song 03317,A0040,classical,304113
S03318,Song 03318,A0236,hip_hop,256916
S03319,Song 03319,A0237,metal,192300
S03320,Song 03320,A0381,r_and_b,263284
S03321,Song 03321,A0033,metal,236721
S03322,Song 03322,A0220,hip_hop,287948
S03323,Song 03323,A0069,pop,250560
S03324,Song 03324,A0297,r_and_b,253689
S03325,Song 03325,A0132,r_and_b,290515
S03326,Song 03326,A0085,jazz,207570
S03327,Song 03327,A0296,country,319546
S03328,Song 03328,A0225,jazz,325726
S03329,Song 03329,A0195,classical,246543
S03330,Song 03330,A0123,rock,294563
S03331,Song 03331,A0219,country,245608
S03332,Song 03332,A0045,indie_rock,208536
S03333,Song 03333,A0089,reggaeton,216788
S03334,Song 03334,A0396,country,275715
S03335,Song 03335,A0049,jazz,234708
S03336,Song 03336,A0381,r_and_b,154442
S03337,Song 03337,A0315,pop,40904
S03338,Song 03338,A0109,pop,270029
S03339,Song 03339,A0341,metal,293848
S03340,Song 03340,A0258,reggaeton,279659
S03341,Song 03341,A0097,rock,296843
S03342,Song 03342,A0319,latin,158091
S03343,Song 03343,A0352,classical,259933
S03344,Song 03344,A0083,indie_rock,234313
S03345,Song 03345,A0331,jazz,43047
S03346,Song 03346,A0109,pop,151642
S03347,Song 03347,A0041,hip_hop,226801
S03348,Song 03348,A0352,classical,190129
S03349,Song 03349,A0149,electronic,313880
S03350,Song 03350,A0175,classical,132966
S03351,Song 03351,A0267,country,149575
S03352,Song 03352,A0214,electronic,233212
S03353,Song 03353,A0094,indie_rock,139901
S03354,Song 03354,A0309,reggaeton,94780
S03355,Song 03355,A0139,rock,200762
S03356,Song 03356,A0207,indie_rock,301351
S03357,Song 03357,A0200,classical,253701
S03358,Song 03358,A0243,electronic,258328
S03359,Song 03359,A0163,pop,171184
S03360,Song 03360,A0143,latin,268872
S03361,Song 03361,A0002,latin,210386
S03362,Song 03362,A0369,electronic,193678
S03363,Song 03363,A0074,reggaeton,119186
S03364,Song 03364,A0346,latin,243546
S03365,Song 03365,A0371,reggaeton,147132
S03366,Song 03366,A0188,rock,242118
S03367,Song 03367,A0020,jazz,196509
S03368,Song 03368,A0322,r_and_b,227873
S03369,Song 03369,A0343,indie_rock,62285
S03370,Song 03370,A0373,rock,256927
S03371,Song 03371,A0191,r_and_b,156093
S03372,Song 03372,A0373,rock,273170
S03373,Song 03373,A0162,rock,144803
S03374,Song 03374,A0036,latin,203437
S03375,Song 03375,A0376,rock,141222
S03376,Song 03376,A0223,indie_rock,162998
S03377,Song 03377,A0129,electronic,192441
S03378,Song 03378,A0255,classical,157596
S03379,Song 03379,A0169,country,271504
S03380,Song 03380,A0139,rock,217285
S03381,Song 03381,A0207,indie_rock,297358
S03382,Song 03382,A0171,jazz,295843
S03383,Song 03383,A0390,country,287430
S03384,Song 03384,A0189,r_and_b,240853
S03385,Song 03385,A0260,rock,169057
S03386,Song 03386,A0226,country,220324
S03387,Song 03387,A0017,metal,197145
S03388,Song 03388,A0282,indie_rock,153230
S03389,Song 03389,A0077,rock,85897
S03390,Song 03390,A0344,r_and_b,288404
S03391,Song 03391,A0292,latin,248324
S03392,Song 03392,A0351,r_and_b,338610
S03393,Song 03393,A0368,indie_rock,135975
S03394,Song 03394,A0325,metal,162773
S03395,Song 03395,A0179,hip_hop,226890
S03396,Song 03396,A0282,indie_rock,223636
S03397,Song 03397,A0129,electronic,184659
S03398,Song 03398,A0096,latin,288572
S03399,Song 03399,A0030,latin,246770
S03400,Song 03400,A0209,classical,171109
S03401,Song 03401,A0315,pop,360089
S03402,Song 03402,A0013,classical,305749
S03403,Song 03403,A0374,electronic,327944
S03404,Song 03404,A0003,country,191934
S03405,Song 03405,A0381,r_and_b,338805
S03406,Song 03406,A0105,hip_hop,94798
S03407,Song 03407,A0126,country,228867
S03408,Song 03408,A0217,r_and_b,186559
S03409,Song 03409,A0265,classical,263453
S03410,Song 03410,A0213,classical,259045
S03411,Song 03411,A0217,r_and_b,121133
S03412,Song 03412,A0232,classical,136120
S03413,Song 03413,A0258,reggaeton,306297
S03414,Song 03414,A0392,rock,211427
S03415,Song 03415,A0065,country,119058
S03416,Song 03416,A0320,classical,277619
S03417,Song 03417,A0010,classical,339187
S03418,Song 03418,A0161,classical,237021
S03419,Song 03419,A0130,hip_hop,248948
S03420,Song 03420,A0138,country,267268
S03421,Song 03421,A0301,latin,149196
S03422,Song 03422,A0215,pop,223581
S03423,Song 03423,A0227,reggaeton,299640
S03424,Song 03424,A0193,jazz,213975
S03425,Song 03425,A0256,classical,267847
S03426,Song 03426,A0165,classical,179956
S03427,Song 03427,A0141,hip_hop,174217
S03428,Song 03428,A0321,reggaeton,183765
S03429,Song 03429,A0088,reggaeton,239969
S03430,Song 03430,A0292,latin,304427
S03431,Song 03431,A0203,classical,179266
S03432,Song 03432,A0129,electronic,394616
S03433,Song 03433,A0103,indie_rock,129645
S03434,Song 03434,A0077,rock,170404
S03435,Song 03435,A0349,hip_hop,227054
S03436,Song 03436,A0275,indie_rock,209956
S03437,Song 03437,A0112,hip_hop,248400
S03438,Song 03438,A0310,r_and_b,322687
S03439,Song 03439,A0052,reggaeton,340372
S03440,Song 03440,A0221,electronic,147855
S03441,Song 03441,A0066,latin,164461
S03442,Song 03442,A0327,indie_rock,199960
S03443,Song 03443,A0039,reggaeton,208248
S03444,Song 03444,A0263,electronic,304538
S03445,Song 03445,A0108,jazz,105953
S03446,Song 03446,A0227,reggaeton,152926
S03447,Song 03447,A0003,country,259065
S03448,Song 03448,A0127,rock,168987
S03449,Song 03449,A0279,metal,223058
S03450,Song 03450,A0188,rock,328426
S03451,Song 03451,A0266,r_and_b,281455
S03452,Song 03452,A0261,classical,222945
S03453,Song 03453,A0162,rock,215998
S03454,Song 03454,A0363,electronic,308601
S03455,Song 03455,A0005,latin,202276
S03456,Song 03456,A0206,metal,244305
S03457,Song 03457,A0090,electronic,191898
S03458,Song 03458,A0029,latin,393145
S03459,Song 03459,A0122,reggaeton,128890
S03460,Song 03460,A0134,rock,309168
S03461,Song 03461,A0220,hip_hop,268826
S03462,Song 03462,A0297,r_and_b,348722
S03463,Song 03463,A0013,classical,279075
S03464,Song 03464,A0264,latin,198718
S03465,Song 03465,A0110,r_and_b,231602
S03466,Song 03466,A0128,electronic,235565
S03467,Song 03467,A0336,reggaeton,162330
S03468,Song 03468,A0232,classical,198427
S03469,Song 03469,A0171,jazz,219904
S03470,Song 03470,A0359,electronic,212351
S03471,Song 03471,A0366,latin,211914
S03472,Song 03472,A0121,classical,133627
S03473,Song 03473,A0229,reggaeton,321978
S03474,Song 03474,A0313,electronic,131124
S03475,Song 03475,A0352,classical,291802
S03476,Song 03476,A0184,electronic,286926
S03477,Song 03477,A0281,latin,185425
S03478,Song 03478,A0132,r_and_b,175654
S03479,Song 03479,A0388,hip_hop,235003
S03480,Song 03480,A0375,latin,144818
S03481,Song 03481,A0186,reggaeton,160148
S03482,Song 03482,A0164,classical,246295
S03483,Song 03483,A0284,latin,217192
S03484,Song 03484,A0146,r_and_b,254032
S03485,Song 03485,A0302,electronic,323799
S03486,Song 03486,A0391,classical,198975
S03487,Song 03487,A0191,r_and_b,225950
S03488,Song 03488,A0149,electronic,177680
S03489,Song 03489,A0137,country,166327
S03490,Song 03490,A0084,r_and_b,180023
S03491,Song 03491,A0075,reggaeton,287375
S03492,Song 03492,A0036,latin,240045
S03493,Song 03493,A0150,indie_rock,196438
S03494,Song 03494,A0307,hip_hop,212021
S03495,Song 03495,A0069,pop,230115
S03496,Song 03496,A0302,electronic,227286
S03497,Song 03497,A0122,reggaeton,317243
S03498,Song 03498,A0127,rock,321284
S03499,Song 03499,A0306,r_and_b,234178
S03500,Song 03500,A0241,metal,191299
S03501,Song 03501,A0387,r_and_b,233596
S03502,Song 03502,A0244,jazz,319508
S03503,Song 03503,A0162,rock,317123
S03504,Song 03504,A0335,classical,252138
S03505,Song 03505,A0074,reggaeton,300042
S03506,Song 03506,A0010,classical,278517
S03507,Song 03507,A0064,classical,352165
S03508,Song 03508,A0140,latin,336709
S03509,Song 03509,A0284,latin,188312
S03510,Song 03510,A0012,electronic,168396
S03511,Song 03511,A0267,country,104844
S03512,Song 03512,A0067,jazz,242989
S03513,Song 03513,A0128,electronic,223876
S03514,Song 03514,A0217,r_and_b,305272
S03515,Song 03515,A0037,classical,170724
S03516,Song 03516,A0229,reggaeton,147683
S03517,Song 03517,A0327,indie_rock,202053
S03518,Song 03518,A0120,reggaeton,245291
S03519,Song 03519,A0332,electronic,274067
S03520,Song 03520,A0048,rock,153307
S03521,Song 03521,A0025,country,234138
S03522,Song 03522,A0383,jazz,119844
S03523,Song 03523,A0212,jazz,172664
S03524,Song 03524,A0103,indie_rock,154040
S03525,Song 03525,A0129,electronic,311832
S03526,Song 03526,A0383,jazz,274730
S03527,Song 03527,A0066,latin,331861
S03528,Song 03528,A0387,r_and_b,129543
S03529,Song 03529,A0338,r_and_b,291579
S03530,Song 03530,A0295,hip_hop,223507
S03531,Song 03531,A0114,electronic,222176
S03532,Song 03532,A0117,rock,215130
S03533,Song 03533,A0360,reggaeton,214556
S03534,Song 03534,A0120,reggaeton,87598
S03535,Song 03535,A0111,latin,204283
S03536,Song 03536,A0051,reggaeton,157517
S03537,Song 03537,A0229,reggaeton,237809
S03538,Song 03538,A0264,latin,249861
S03539,Song 03539,A0116,electronic,201553
S03540,Song 03540,A0300,r_and_b,200927
S03541,Song 03541,A0084,r_and_b,234722
S03542,Song 03542,A0265,classical,148684
S03543,Song 03543,A0012,electronic,315347
S03544,Song 03544,A0236,hip_hop,254259
S03545,Song 03545,A0218,indie_rock,198230
S03546,Song 03546,A0183,jazz,180811
S03547,Song 03547,A0381,r_and_b,272773
S03548,Song 03548,A0224,electronic,223309
S03549,Song 03549,A0374,electronic,312558
S03550,Song 03550,A0095,r_and_b,266846
S03551,Song 03551,A0037,classical,247085
S03552,Song 03552,A0228,r_and_b,255589
S03553,Song 03553,A0305,electronic,305699
S03554,Song 03554,A0071,latin,256245
S03555,Song 03555,A0219,country,281860
S03556,Song 03556,A0307,hip_hop,233389
S03557,Song 03557,A0394,classical,187519
S03558,Song 03558,A0108,jazz,245141
S03559,Song 03559,A0381,r_and_b,194960
S03560,Song 03560,A0383,jazz,128036
S03561,Song 03561,A0386,classical,252495
S03562,Song 03562,A0159,latin,342610
S03563,Song 03563,A0086,indie_rock,291426
S03564,Song 03564,A0327,indie_rock,220906
S03565,Song 03565,A0347,pop,281657
S03566,Song 03566,A0271,latin,162702
S03567,Song 03567,A0217,r_and_b,205873
S03568,Song 03568,A0154,pop,130547
S03569,Song 03569,A0278,rock,188837
S03570,Song 03570,A0362,latin,287218
S03571,Song 03571,A0251,r_and_b,148449
S03572,Song 03572,A0312,pop,178043
S03573,Song 03573,A0186,reggaeton,54399
S03574,Song 03574,A0366,latin,143713
S03575,Song 03575,A0090,electronic,194932
S03576,Song 03576,A0187,rock,332134
S03577,Song 03577,A0350,rock,191552
S03578,Song 03578,A0081,r_and_b,375005
S03579,Song 03579,A0127,rock,186536
S03580,Song 03580,A0037,classical,179087
S03581,Song 03581,A0215,pop,278427
S03582,Song 03582,A0233,metal,316678
S03583,Song 03583,A0195,classical,220570
S03584,Song 03584,A0052,reggaeton,142237
S03585,Song 03585,A0280,latin,346820
S03586,Song 03586,A0389,metal,196834
S03587,Song 03587,A0197,pop,223096
S03588,Song 03588,A0027,rock,188141
S03589,Song 03589,A0019,indie_rock,261087
S03590,Song 03590,A0335,classical,146860
S03591,Song 03591,A0298,electronic,268704
S03592,Song 03592,A0332,electronic,229247
S03593,Song 03593,A0390,country,221226
S03594,Song 03594,A0204,rock,189077
S03595,Song 03595,A0124,latin,181811
S03596,Song 03596,A0386,classical,182030
S03597,Song 03597,A0400,metal,248865
S03598,Song 03598,A0006,latin,309114
S03599,Song 03599,A0344,r_and_b,188142
S03600,Song 03600,A0249,rock,135200
S03601,Song 03601,A0393,rock,203816
S03602,Song 03602,A0263,electronic,256752
S03603,Song 03603,A0005,latin,233534
S03604,Song 03604,A0231,metal,232994
S03605,Song 03605,A0199,jazz,206567
S03606,Song 03606,A0260,rock,293253
S03607,Song 03607,A0292,latin,251671
S03608,Song 03608,A0146,r_and_b,269109
S03609,Song 03609,A0304,latin,292474
S03610,Song 03610,A0188,rock,235046
S03611,Song 03611,A0062,jazz,339803
S03612,Song 03612,A0363,electronic,208212
S03613,Song 03613,A0248,electronic,228039
S03614,Song 03614,A0384,rock,214650
S03615,Song 03615,A0337,pop,272090
S03616,Song 03616,A0011,hip_hop,259688
S03617,Song 03617,A0344,r_and_b,181280
S03618,Song 03618,A0101,jazz,266851
S03619,Song 03619,A0337,pop,171176
S03620,Song 03620,A0177,pop,173802
S03621,Song 03621,A0053,country,216139
S03622,Song 03622,A0139,rock,191538
S03623,Song 03623,A0108,jazz,199215
S03624,Song 03624,A0007,latin,240738
S03625,Song 03625,A0223,indie_rock,268888
S03626,Song 03626,A0237,metal,205000
S03627,Song 03627,A0100,electronic,235195
S03628,Song 03628,A0078,reggaeton,233002
S03629,Song 03629,A0086,indie_rock,116556
S03630,Song 03630,A0352,classical,249281
S03631,Song 03631,A0284,latin,62344
S03632,Song 03632,A0335,classical,162631
S03633,Song 03633,A0279,metal,189579
S03634,Song 03634,A0139,rock,209062
S03635,Song 03635,A0360,reggaeton,193204
S03636,Song 03636,A0293,pop,156186
S03637,Song 03637,A0092,indie_rock,316788
S03638,Song 03638,A0235,metal,149252
S03639,Song 03639,A0338,r_and_b,335186
S03640,Song 03640,A0175,classical,63684
S03641,Song 03641,A0194,jazz,266262
S03642,Song 03642,A0270,classical,288687
S03643,Song 03643,A0010,classical,154400
S03644,Song 03644,A0108,jazz,158882
S03645,Song 03645,A0333,jazz,172040
S03646,Song 03646,A0130,hip_hop,147193
S03647,Song 03647,A0120,reggaeton,249522
S03648,Song 03648,A0300,r_and_b,223988
S03649,Song 03649,A0254,jazz,108002
S03650,Song 03650,A0183,jazz,249409
S03651,Song 03651,A0001,metal,267866
S03652,Song 03652,A0114,electronic,206732
S03653,Song 03653,A0356,metal,253205
S03654,Song 03654,A0235,metal,64926
S03655,Song 03655,A0089,reggaeton,220699
S03656,Song 03656,A0034,latin,288918
S03657,Song 03657,A0188,rock,118961
S03658,Song 03658,A0091,latin,238150
S03659,Song 03659,A0320,classical,129605
S03660,Song 03660,A0155,latin,154149
S03661,Song 03661,A0302,electronic,148536
S03662,Song 03662,A0385,latin,190692
S03663,Song 03663,A0223,indie_rock,249204
S03664,Song 03664,A0294,metal,208181
S03665,Song 03665,A0272,r_and_b,283554
S03666,Song 03666,A0288,jazz,237367
S03667,Song 03667,A0040,classical,233029
S03668,Song 03668,A0333,jazz,231755
S03669,Song 03669,A0007,latin,168061
S03670,Song 03670,A0221,electronic,263524
S03671,Song 03671,A0235,metal,230592
S03672,Song 03672,A0381,r_and_b,183610
S03673,Song 03673,A0199,jazz,156478
S03674,Song 03674,A0084,r_and_b,246600
S03675,Song 03675,A0216,metal,206598
S03676,Song 03676,A0384,rock,269623
S03677,Song 03677,A0067,jazz,242701
S03678,Song 03678,A0036,latin,184215
S03679,Song 03679,A0138,country,254760
S03680,Song 03680,A0125,country,213061
S03681,Song 03681,A0179,hip_hop,283034
S03682,Song 03682,A0396,country,208469
S03683,Song 03683,A0222,hip_hop,233775
S03684,Song 03684,A0067,jazz,219450
S03685,Song 03685,A0290,r_and_b,192827
S03686,Song 03686,A0009,reggaeton,201366
S03687,Song 03687,A0040,classical,130294
S03688,Song 03688,A0225,jazz,209346
S03689,Song 03689,A0171,jazz,209714
S03690,Song 03690,A0092,indie_rock,173270
S03691,Song 03691,A0290,r_and_b,254158
S03692,Song 03692,A0039,reggaeton,109217
S03693,Song 03693,A0227,reggaeton,140187
S03694,Song 03694,A0039,reggaeton,253932
S03695,Song 03695,A0283,latin,117551
S03696,Song 03696,A0122,reggaeton,137897
S03697,Song 03697,A0269,pop,219439
S03698,Song 03698,A0131,pop,218913
S03699,Song 03699,A0232,classical,155669
S03700,Song 03700,A0383,jazz,153281
S03701,Song 03701,A0232,classical,91593
S03702,Song 03702,A0065,country,181541
S03703,Song 03703,A0076,metal,193344
S03704,Song 03704,A0324,classical,162905
S03705,Song 03705,A0159,latin,287678
S03706,Song 03706,A0139,rock,190738
S03707,Song 03707,A0306,r_and_b,129364
S03708,Song 03708,A0056,latin,170242
S03709,Song 03709,A0108,jazz,330232
S03710,Song 03710,A0016,indie_rock,243877
S03711,Song 03711,A0057,country,179875
S03712,Song 03712,A0343,indie_rock,92347
S03713,Song 03713,A0227,reggaeton,196588
S03714,Song 03714,A0076,metal,119009
S03715,Song 03715,A0349,hip_hop,207443
S03716,Song 03716,A0092,indie_rock,306866
S03717,Song 03717,A0298,electronic,206898
S03718,Song 03718,A0191,r_and_b,192965
S03719,Song 03719,A0065,country,300927
S03720,Song 03720,A0395,electronic,178437
S03721,Song 03721,A0209,classical,357359
S03722,Song 03722,A0170,electronic,219396
S03723,Song 03723,A0325,metal,319128
S03724,Song 03724,A0082,metal,261943
S03725,Song 03725,A0138,country,190808
S03726,Song 03726,A0247,pop,294494
S03727,Song 03727,A0302,electronic,382864
S03728,Song 03728,A0227,reggaeton,314348
S03729,Song 03729,A0089,reggaeton,305242
S03730,Song 03730,A0260,rock,254977
S03731,Song 03731,A0354,pop,251183
S03732,Song 03732,A0098,country,30000
S03733,Song 03733,A0292,latin,173642
S03734,Song 03734,A0231,metal,219519
S03735,Song 03735,A0205,jazz,278224
S03736,Song 03736,A0328,electronic,256754
S03737,Song 03737,A0212,jazz,152953
S03738,Song 03738,A0187,rock,183300
S03739,Song 03739,A0264,latin,149460
S03740,Song 03740,A0082,metal,187531
S03741,Song 03741,A0281,latin,201331
S03742,Song 03742,A0335,classical,234765
S03743,Song 03743,A0269,pop,143287
S03744,Song 03744,A0221,electronic,261183
S03745,Song 03745,A0263,electronic,170289
S03746,Song 03746,A0221,electronic,161886
S03747,Song 03747,A0130,hip_hop,264978
S03748,Song 03748,A0109,pop,128712
S03749,Song 03749,A0330,hip_hop,140531
S03750,Song 03750,A0353,r_and_b,221854
S03751,Song 03751,A0207,indie_rock,220878
S03752,Song 03752,A0294,metal,176225
S03753,Song 03753,A0068,jazz,185838
S03754,Song 03754,A0342,classical,292714
S03755,Song 03755,A0089,reggaeton,275921
S03756,Song 03756,A0396,country,160013
S03757,Song 03757,A0289,metal,220248
S03758,Song 03758,A0127,rock,266722
S03759,Song 03759,A0303,hip_hop,151358
S03760,Song 03760,A0103,indie_rock,201201
S03761,Song 03761,A0110,r_and_b,165047
S03762,Song 03762,A0132,r_and_b,276423
S03763,Song 03763,A0354,pop,191148
S03764,Song 03764,A0067,jazz,169483
S03765,Song 03765,A0291,rock,324045
S03766,Song 03766,A0165,classical,92040
S03767,Song 03767,A0132,r_and_b,171439
S03768,Song 03768,A0193,jazz,193721
S03769,Song 03769,A0136,electronic,224421
S03770,Song 03770,A0270,classical,248878
S03771,Song 03771,A0259,electronic,114209
S03772,Song 03772,A0032,electronic,181130
S03773,Song 03773,A0064,classical,242687
S03774,Song 03774,A0314,latin,161943
S03775,Song 03775,A0121,classical,162083
S03776,Song 03776,A0144,pop,322107
S03777,Song 03777,A0067,jazz,155379
S03778,Song 03778,A0213,classical,285177
S03779,Song 03779,A0391,classical,199348
S03780,Song 03780,A0320,classical,209807
S03781,Song 03781,A0027,rock,165064
S03782,Song 03782,A0225,jazz,241799
S03783,Song 03783,A0035,jazz,193737
S03784,Song 03784,A0076,metal,186006
S03785,Song 03785,A0384,rock,271727
S03786,Song 03786,A0241,metal,177448
S03787,Song 03787,A0155,latin,254210
S03788,Song 03788,A0090,electronic,280161
S03789,Song 03789,A0269,pop,241172
S03790,Song 03790,A0032,electronic,296028
S03791,Song 03791,A0081,r_and_b,364236
S03792,Song 03792,A0378,pop,193448
S03793,Song 03793,A0107,hip_hop,134372
S03794,Song 03794,A0152,jazz,281849
S03795,Song 03795,A0019,indie_rock,123796
S03796,Song 03796,A0222,hip_hop,341427
S03797,Song 03797,A0374,electronic,241351
S03798,Song 03798,A0137,country,85754
S03799,Song 03799,A0338,r_and_b,240127
S03800,Song 03800,A0245,latin,231212
S03801,Song 03801,A0229,reggaeton,202199
S03802,Song 03802,A0133,metal,201972
S03803,Song 03803,A0069,pop,183399
S03804,Song 03804,A0330,hip_hop,177070
S03805,Song 03805,A0317,country,294855
S03806,Song 03806,A0091,latin,328826
S03807,Song 03807,A0231,metal,188913
S03808,Song 03808,A0357,indie_rock,245816
S03809,Song 03809,A0044,latin,240943
S03810,Song 03810,A0136,electronic,244298
S03811,Song 03811,A0204,rock,115143
S03812,Song 03812,A0057,country,169128
S03813,Song 03813,A0201,r_and_b,250417
S03814,Song 03814,A0054,jazz,323570
S03815,Song 03815,A0173,metal,195322
S03816,Song 03816,A0246,country,132614
S03817,Song 03817,A0220,hip_hop,160160
S03818,Song 03818,A0216,metal,253123
S03819,Song 03819,A0182,pop,187586
S03820,Song 03820,A0315,pop,329455
S03821,Song 03821,A0328,electronic,170555
S03822,Song 03822,A0074,reggaeton,171854
S03823,Song 03823,A0171,jazz,87720
S03824,Song 03824,A0369,electronic,271856
S03825,Song 03825,A0206,metal,190556
S03826,Song 03826,A0303,hip_hop,218120
S03827,Song 03827,A0132,r_and_b,269297
S03828,Song 03828,A0391,classical,243024
S03829,Song 03829,A0032,electronic,274847
S03830,Song 03830,A0173,metal,188068
S03831,Song 03831,A0025,country,216278
S03832,Song 03832,A0100,electronic,211848
S03833,Song 03833,A0275,indie_rock,151703
S03834,Song 03834,A0296,country,254010
S03835,Song 03835,A0357,indie_rock,149227
S03836,Song 03836,A0362,latin,251525
S03837,Song 03837,A0317,country,302678
S03838,Song 03838,A0120,reggaeton,144864
S03839,Song 03839,A0333,jazz,166725
S03840,Song 03840,A0096,latin,133957
S03841,Song 03841,A0198,latin,297889
S03842,Song 03842,A0059,indie_rock,185124
S03843,Song 03843,A0313,electronic,315002
S03844,Song 03844,A0287,indie_rock,117063
S03845,Song 03845,A0071,latin,227529
S03846,Song 03846,A0118,latin,148725
S03847,Song 03847,A0279,metal,265154
S03848,Song 03848,A0231,metal,226947
S03849,Song 03849,A0048,rock,249384
S03850,Song 03850,A0178,pop,206588
S03851,Song 03851,A0329,reggaeton,238013
S03852,Song 03852,A0037,classical,196983
S03853,Song 03853,A0297,r_and_b,303425
S03854,Song 03854,A0154,pop,210192
S03855,Song 03855,A0067,jazz,188996
S03856,Song 03856,A0149,electronic,133920
S03857,Song 03857,A0194,jazz,186931
S03858,Song 03858,A0155,latin,242609
S03859,Song 03859,A0376,rock,204375
S03860,Song 03860,A0376,rock,199740
S03861,Song 03861,A0262,country,161776
S03862,Song 03862,A0355,rock,258826
S03863,Song 03863,A0248,electronic,251481
S03864,Song 03864,A0265,classical,207775
S03865,Song 03865,A0067,jazz,342645
S03866,Song 03866,A0368,indie_rock,202126
S03867,Song 03867,A0021,electronic,350060
S03868,Song 03868,A0371,reggaeton,157913
S03869,Song 03869,A0373,rock,35429
S03870,Song 03870,A0378,pop,70671
S03871,Song 03871,A0041,hip_hop,362284
S03872,Song 03872,A0304,latin,236945
S03873,Song 03873,A0364,pop,187191
S03874,Song 03874,A0224,electronic,133098
S03875,Song 03875,A0162,rock,178548
S03876,Song 03876,A0073,pop,219111
S03877,Song 03877,A0040,classical,340770
S03878,Song 03878,A0073,pop,305268
S03879,Song 03879,A0146,r_and_b,153626
S03880,Song 03880,A0251,r_and_b,183271
S03881,Song 03881,A0166,electronic,333840
S03882,Song 03882,A0006,latin,181747
S03883,Song 03883,A0366,latin,150396
S03884,Song 03884,A0034,latin,257970
S03885,Song 03885,A0216,metal,209831
S03886,Song 03886,A0102,metal,222669
S03887,Song 03887,A0205,jazz,144659
S03888,Song 03888,A0234,pop,156239
S03889,Song 03889,A0374,electronic,259828
S03890,Song 03890,A0385,latin,187364
S03891,Song 03891,A0137,country,179476
S03892,Song 03892,A0188,rock,156215
S03893,Song 03893,A0303,hip_hop,294646
S03894,Song 03894,A0085,jazz,180340
S03895,Song 03895,A0031,latin,285013
S03896,Song 03896,A0130,hip_hop,169214
S03897,Song 03897,A0334,hip_hop,212162
S03898,Song 03898,A0052,reggaeton,269323
S03899,Song 03899,A0239,pop,235870
S03900,Song 03900,A0090,electronic,152658
S03901,Song 03901,A0115,hip_hop,252132
S03902,Song 03902,A0300,r_and_b,173554
S03903,Song 03903,A0372,hip_hop,285520
S03904,Song 03904,A0038,indie_rock,317629
S03905,Song 03905,A0298,electronic,300862
S03906,Song 03906,A0063,jazz,202658
S03907,Song 03907,A0334,hip_hop,167181
S03908,Song 03908,A0240,country,272909
S03909,Song 03909,A0107,hip_hop,192702
S03910,Song 03910,A0049,jazz,159442
S03911,Song 03911,A0275,indie_rock,199999
S03912,Song 03912,A0254,jazz,202329
S03913,Song 03913,A0014,r_and_b,210686
S03914,Song 03914,A0389,metal,277624
S03915,Song 03915,A0163,pop,184712
S03916,Song 03916,A0385,latin,236633
S03917,Song 03917,A0165,classical,265460
S03918,Song 03918,A0011,hip_hop,164144
S03919,Song 03919,A0216,metal,354969
S03920,Song 03920,A0285,metal,204463
S03921,Song 03921,A0187,rock,325986
S03922,Song 03922,A0266,r_and_b,152576
S03923,Song 03923,A0026,reggaeton,131389
S03924,Song 03924,A0179,hip_hop,245408
S03925,Song 03925,A0022,country,121983
S03926,Song 03926,A0111,latin,130095
S03927,Song 03927,A0020,jazz,232260
S03928,Song 03928,A0181,latin,298120
S03929,Song 03929,A0130,hip_hop,224625
S03930,Song 03930,A0111,latin,318553
S03931,Song 03931,A0271,latin,154706
S03932,Song 03932,A0003,country,156358
S03933,Song 03933,A0110,r_and_b,216143
S03934,Song 03934,A0297,r_and_b,182081
S03935,Song 03935,A0327,indie_rock,167294
S03936,Song 03936,A0322,r_and_b,272635
S03937,Song 03937,A0041,hip_hop,295590
S03938,Song 03938,A0375,latin,152745
S03939,Song 03939,A0204,rock,253790
S03940,Song 03940,A0028,r_and_b,186654
S03941,Song 03941,A0271,latin,134774
S03942,Song 03942,A0236,hip_hop,297277
S03943,Song 03943,A0142,indie_rock,158027
S03944,Song 03944,A0325,metal,188261
S03945,Song 03945,A0127,rock,213576
S03946,Song 03946,A0155,latin,299407
S03947,Song 03947,A0020,jazz,199723
S03948,Song 03948,A0378,pop,157125
S03949,Song 03949,A0261,classical,220115
S03950,Song 03950,A0093,latin,272937
S03951,Song 03951,A0198,latin,233088
S03952,Song 03952,A0105,hip_hop,193089
S03953,Song 03953,A0194,jazz,155292
S03954,Song 03954,A0308,electronic,160001
S03955,Song 03955,A0127,rock,247402
S03956,Song 03956,A0038,indie_rock,154111
S03957,Song 03957,A0184,electronic,258992
S03958,Song 03958,A0073,pop,202640
S03959,Song 03959,A0027,rock,250645
S03960,Song 03960,A0223,indie_rock,162803
S03961,Song 03961,A0098,country,186341
S03962,Song 03962,A0219,country,239318
S03963,Song 03963,A0055,electronic,262508
S03964,Song 03964,A0271,latin,87293
S03965,Song 03965,A0058,electronic,257877
S03966,Song 03966,A0074,reggaeton,173584
S03967,Song 03967,A0325,metal,295953
S03968,Song 03968,A0196,classical,284623
S03969,Song 03969,A0011,hip_hop,232473
S03970,Song 03970,A0270,classical,296423
S03971,Song 03971,A0107,hip_hop,143661
S03972,Song 03972,A0172,classical,166838
S03973,Song 03973,A0254,jazz,252397
S03974,Song 03974,A0115,hip_hop,262835
S03975,Song 03975,A0260,rock,229028
S03976,Song 03976,A0213,classical,223959
S03977,Song 03977,A0180,indie_rock,224881
S03978,Song 03978,A0324,classical,309629
S03979,Song 03979,A0154,pop,147345
S03980,Song 03980,A0066,latin,149219
S03981,Song 03981,A0082,metal,204021
S03982,Song 03982,A0338,r_and_b,180695
S03983,Song 03983,A0173,metal,233314
S03984,Song 03984,A0185,country,228740
S03985,Song 03985,A0295,hip_hop,173683
S03986,Song 03986,A0262,country,93760
S03987,Song 03987,A0291,rock,127528
S03988,Song 03988,A0243,electronic,244756
S03989,Song 03989,A0078,reggaeton,245778
S03990,Song 03990,A0359,electronic,193336
S03991,Song 03991,A0216,metal,230266
S03992,Song 03992,A0298,electronic,287241
S03993,Song 03993,A0030,latin,242209
S03994,Song 03994,A0184,electronic,142876
S03995,Song 03995,A0387,r_and_b,193193
S03996,Song 03996,A0041,hip_hop,171717
S03997,Song 03997,A0071,latin,182669
S03998,Song 03998,A0351,r_and_b,223054
S03999,Song 03999,A0361,r_and_b,196381
S04000,Song 04000,A0356,metal,209145
S04001,Song 04001,A0110,r_and_b,264341
S04002,Song 04002,A0221,electronic,278131
S04003,Song 04003,A0400,metal,354291
S04004,Song 04004,A0249,rock,195686
S04005,Song 04005,A0376,rock,235808
S04006,Song 04006,A0108,jazz,150698
S04007,Song 04007,A0400,metal,178549
S04008,Song 04008,A0296,country,122750
S04009,Song 04009,A0362,latin,404115
S04010,Song 04010,A0156,metal,167018
S04011,Song 04011,A0217,r_and_b,264058
S04012,Song 04012,A0251,r_and_b,276267
S04013,Song 04013,A0365,classical,393685
S04014,Song 04014,A0390,country,283015
S04015,Song 04015,A0338,r_and_b,183887
S04016,Song 04016,A0390,country,236851
S04017,Song 04017,A0031,latin,182075
S04018,Song 04018,A0040,classical,178327
S04019,Song 04019,A0137,country,157516
S04020,Song 04020,A0144,pop,247300
S04021,Song 04021,A0261,classical,175768
S04022,Song 04022,A0281,latin,246611
S04023,Song 04023,A0188,rock,255157
S04024,Song 04024,A0194,jazz,149207
S04025,Song 04025,A0143,latin,171626
S04026,Song 04026,A0262,country,212862
S04027,Song 04027,A0095,r_and_b,179705
S04028,Song 04028,A0065,country,255146
S04029,Song 04029,A0128,electronic,105601
S04030,Song 04030,A0214,electronic,259322
S04031,Song 04031,A0025,country,290343
S04032,Song 04032,A0388,hip_hop,185260
S04033,Song 04033,A0326,country,59988
S04034,Song 04034,A0072,latin,246954
S04035,Song 04035,A0089,reggaeton,295917
S04036,Song 04036,A0163,pop,311471
S04037,Song 04037,A0222,hip_hop,414189
S04038,Song 04038,A0344,r_and_b,316244
S04039,Song 04039,A0178,pop,182387
S04040,Song 04040,A0188,rock,105325
S04041,Song 04041,A0167,jazz,189845
S04042,Song 04042,A0037,classical,168090
S04043,Song 04043,A0169,country,133448
S04044,Song 04044,A0106,country,202061
S04045,Song 04045,A0372,hip_hop,186822
S04046,Song 04046,A0329,reggaeton,326802
S04047,Song 04047,A0350,rock,142976
S04048,Song 04048,A0182,pop,65955
S04049,Song 04049,A0361,r_and_b,120620
S04050,Song 04050,A0158,jazz,181209
S04051,Song 04051,A0246,country,118774
S04052,Song 04052,A0085,jazz,287630
S04053,Song 04053,A0386,classical,269128
S04054,Song 04054,A0010,classical,241733
S04055,Song 04055,A0162,rock,115623
S04056,Song 04056,A0029,latin,154529
S04057,Song 04057,A0085,jazz,255490
S04058,Song 04058,A0294,metal,339152
S04059,Song 04059,A0060,indie_rock,227355
S04060,Song 04060,A0141,hip_hop,294949
S04061,Song 04061,A0361,r_and_b,252820
S04062,Song 04062,A0056,latin,197988
S04063,Song 04063,A0220,hip_hop,283675
S04064,Song 04064,A0398,jazz,291767
S04065,Song 04065,A0350,rock,172202
S04066,Song 04066,A0119,rock,114504
S04067,Song 04067,A0057,country,174155
S04068,Song 04068,A0071,latin,323984
S04069,Song 04069,A0005,latin,250622
S04070,Song 04070,A0175,classical,244413
S04071,Song 04071,A0385,latin,246161
S04072,Song 04072,A0032,electronic,253581
S04073,Song 04073,A0037,classical,212873
S04074,Song 04074,A0056,latin,145386
S04075,Song 04075,A0321,reggaeton,120762
S04076,Song 04076,A0285,metal,177181
S04077,Song 04077,A0357,indie_rock,215763
S04078,Song 04078,A0365,classical,276140
S04079,Song 04079,A0334,hip_hop,124934
S04080,Song 04080,A0363,electronic,346094
S04081,Song 04081,A0109,pop,199577
S04082,Song 04082,A0211,pop,191259
S04083,Song 04083,A0392,rock,274279
S04084,Song 04084,A0061,rock,203730
S04085,Song 04085,A0163,pop,216886
S04086,Song 04086,A0381,r_and_b,262602
S04087,Song 04087,A0030,latin,150725
S04088,Song 04088,A0201,r_and_b,93498
S04089,Song 04089,A0337,pop,272394
S04090,Song 04090,A0194,jazz,170345
S04091,Song 04091,A0149,electronic,233482
S04092,Song 04092,A0278,rock,296813
S04093,Song 04093,A0167,jazz,106743
S04094,Song 04094,A0255,classical,201779
S04095,Song 04095,A0126,country,273668
S04096,Song 04096,A0295,hip_hop,190340
S04097,Song 04097,A0253,country,212222
S04098,Song 04098,A0104,pop,185520
S04099,Song 04099,A0266,r_and_b,166207
S04100,Song 04100,A0261,classical,315027
S04101,Song 04101,A0391,classical,306573
S04102,Song 04102,A0138,country,219827
S04103,Song 04103,A0315,pop,215395
S04104,Song 04104,A0135,indie_rock,256943
S04105,Song 04105,A0168,reggaeton,211620
S04106,Song 04106,A0347,pop,260522
S04107,Song 04107,A0371,reggaeton,154690
S04108,Song 04108,A0025,country,227507
S04109,Song 04109,A0049,jazz,254648
S04110,Song 04110,A0033,metal,179538
S04111,Song 04111,A0031,latin,195408
S04112,Song 04112,A0293,pop,191851
S04113,Song 04113,A0065,country,159240
S04114,Song 04114,A0023,pop,163540
S04115,Song 04115,A0011,hip_hop,182161
S04116,Song 04116,A0333,jazz,262045
S04117,Song 04117,A0070,hip_hop,156590
S04118,Song 04118,A0300,r_and_b,244780
S04119,Song 04119,A0203,classical,202903
S04120,Song 04120,A0082,metal,256271
S04121,Song 04121,A0077,rock,312939
S04122,Song 04122,A0140,latin,294485
S04123,Song 04123,A0164,classical,261021
S04124,Song 04124,A0248,electronic,294627
S04125,Song 04125,A0029,latin,184147
S04126,Song 04126,A0286,indie_rock,230523
S04127,Song 04127,A0378,pop,267325
S04128,Song 04128,A0146,r_and_b,219510
S04129,Song 04129,A0320,classical,201530
S04130,Song 04130,A0330,hip_hop,307026
S04131,Song 04131,A0114,electronic,156719
S04132,Song 04132,A0310,r_and_b,234108
S04133,Song 04133,A0012,electronic,147914
S04134,Song 04134,A0045,indie_rock,152667
S04135,Song 04135,A0256,classical,181053
S04136,Song 04136,A0297,r_and_b,278549
S04137,Song 04137,A0065,country,183985
S04138,Song 04138,A0365,classical,185376
S04139,Song 04139,A0146,r_and_b,278685
S04140,Song 04140,A0250,metal,115266
S04141,Song 04141,A0030,latin,341386
S04142,Song 04142,A0357,indie_rock,235077
S04143,Song 04143,A0338,r_and_b,155950
S04144,Song 04144,A0308,electronic,255444
S04145,Song 04145,A0081,r_and_b,201164
S04146,Song 04146,A0062,jazz,259190
S04147,Song 04147,A0289,metal,238451
S04148,Song 04148,A0362,latin,166861
S04149,Song 04149,A0144,pop,191883
S04150,Song 04150,A0045,indie_rock,217876
S04151,Song 04151,A0113,country,201980
S04152,Song 04152,A0087,classical,213634
S04153,Song 04153,A0188,rock,278817
S04154,Song 04154,A0385,latin,258546
S04155,Song 04155,A0126,country,202426
S04156,Song 04156,A0317,country,82679
S04157,Song 04157,A0068,jazz,187416
S04158,Song 04158,A0145,pop,187458
S04159,Song 04159,A0279,metal,112191
S04160,Song 04160,A0313,electronic,227044
S04161,Song 04161,A0024,reggaeton,277602
S04162,Song 04162,A0176,classical,279361
S04163,Song 04163,A0285,metal,273633
S04164,Song 04164,A0107,hip_hop,119704
S04165,Song 04165,A0305,electronic,181831
S04166,Song 04166,A0146,r_and_b,256263
S04167,Song 04167,A0336,reggaeton,206238
S04168,Song 04168,A0150,indie_rock,151581
S04169,Song 04169,A0013,classical,291476
S04170,Song 04170,A0360,reggaeton,318234
S04171,Song 04171,A0124,latin,390242
S04172,Song 04172,A0253,country,198543
S04173,Song 04173,A0167,jazz,94435
S04174,Song 04174,A0287,indie_rock,289531
S04175,Song 04175,A0145,pop,203897
S04176,Song 04176,A0399,latin,208314
S04177,Song 04177,A0201,r_and_b,234847
S04178,Song 04178,A0103,indie_rock,198951
S04179,Song 04179,A0204,rock,174760
S04180,Song 04180,A0347,pop,195606
S04181,Song 04181,A0163,pop,251824
S04182,Song 04182,A0058,electronic,232613
S04183,Song 04183,A0332,electronic,305072
S04184,Song 04184,A0204,rock,174140
S04185,Song 04185,A0016,indie_rock,207113
S04186,Song 04186,A0216,metal,246686
S04187,Song 04187,A0383,jazz,241446
S04188,Song 04188,A0066,latin,298355
S04189,Song 04189,A0246,country,229212
S04190,Song 04190,A0086,indie_rock,267746
S04191,Song 04191,A0345,jazz,191058
S04192,Song 04192,A0266,r_and_b,169418
S04193,Song 04193,A0353,r_and_b,272772
S04194,Song 04194,A0209,classical,240186
S04195,Song 04195,A0270,classical,231540
S04196,Song 04196,A0116,electronic,228227
S04197,Song 04197,A0074,reggaeton,264536
S04198,Song 04198,A0117,rock,193516
S04199,Song 04199,A0339,hip_hop,363068
S04200,Song 04200,A0260,rock,141208
S04201,Song 04201,A0235,metal,176555
S04202,Song 04202,A0295,hip_hop,192560
S04203,Song 04203,A0265,classical,287802
S04204,Song 04204,A0233,metal,88136
S04205,Song 04205,A0363,electronic,222503
S04206,Song 04206,A0303,hip_hop,310972
S04207,Song 04207,A0130,hip_hop,287107
S04208,Song 04208,A0111,latin,233243
S04209,Song 04209,A0108,jazz,262094
S04210,Song 04210,A0219,country,245860
S04211,Song 04211,A0277,electronic,234109
S04212,Song 04212,A0092,indie_rock,190602
S04213,Song 04213,A0283,latin,171085
S04214,Song 04214,A0206,metal,158572
S04215,Song 04215,A0306,r_and_b,283058
S04216,Song 04216,A0166,electronic,147578
S04217,Song 04217,A0259,electronic,186327
S04218,Song 04218,A0255,classical,143198
S04219,Song 04219,A0370,country,280782
S04220,Song 04220,A0111,latin,240338
S04221,Song 04221,A0353,r_and_b,198163
S04222,Song 04222,A0049,jazz,150642
S04223,Song 04223,A0328,electronic,249636
S04224,Song 04224,A0021,electronic,252420
S04225,Song 04225,A0054,jazz,227342
S04226,Song 04226,A0247,pop,252111
S04227,Song 04227,A0205,jazz,228372
S04228,Song 04228,A0305,electronic,239300
S04229,Song 04229,A0330,hip_hop,171828
S04230,Song 04230,A0125,country,188807
S04231,Song 04231,A0021,electronic,189612
S04232,Song 04232,A0055,electronic,235289
S04233,Song 04233,A0360,reggaeton,363612
S04234,Song 04234,A0211,pop,156328
S04235,Song 04235,A0010,classical,278493
S04236,Song 04236,A0265,classical,226657
S04237,Song 04237,A0141,hip_hop,246719
S04238,Song 04238,A0368,indie_rock,252920
S04239,Song 04239,A0302,electronic,219615
S04240,Song 04240,A0326,country,164982
S04241,Song 04241,A0008,pop,250699
S04242,Song 04242,A0182,pop,227552
S04243,Song 04243,A0135,indie_rock,276892
S04244,Song 04244,A0132,r_and_b,98902
S04245,Song 04245,A0212,jazz,204441
S04246,Song 04246,A0188,rock,241529
S04247,Song 04247,A0043,electronic,244856
S04248,Song 04248,A0072,latin,255011
S04249,Song 04249,A0229,reggaeton,245000
S04250,Song 04250,A0099,pop,279814
S04251,Song 04251,A0227,reggaeton,264082
S04252,Song 04252,A0022,country,361877
S04253,Song 04253,A0078,reggaeton,139220
S04254,Song 04254,A0041,hip_hop,158896
S04255,Song 04255,A0375,latin,168059
S04256,Song 04256,A0146,r_and_b,195016
S04257,Song 04257,A0375,latin,173961
S04258,Song 04258,A0389,metal,162448
S04259,Song 04259,A0043,electronic,171094
S04260,Song 04260,A0216,metal,245738
S04261,Song 04261,A0374,electronic,205929
S04262,Song 04262,A0031,latin,178523
S04263,Song 04263,A0244,jazz,123602
S04264,Song 04264,A0387,r_and_b,225294
S04265,Song 04265,A0316,metal,119958
S04266,Song 04266,A0186,reggaeton,291973
S04267,Song 04267,A0261,classical,236093
S04268,Song 04268,A0155,latin,345633
S04269,Song 04269,A0280,latin,136176
S04270,Song 04270,A0338,r_and_b,315739
S04271,Song 04271,A0105,hip_hop,123965
S04272,Song 04272,A0182,pop,352046
S04273,Song 04273,A0047,rock,165087
S04274,Song 04274,A0151,electronic,207755
S04275,Song 04275,A0366,latin,210832
S04276,Song 04276,A0031,latin,330696
S04277,Song 04277,A0166,electronic,139985
S04278,Song 04278,A0363,electronic,320970
S04279,Song 04279,A0166,electronic,277751
S04280,Song 04280,A0347,pop,207418
S04281,Song 04281,A0127,rock,284912
S04282,Song 04282,A0314,latin,246347
S04283,Song 04283,A0077,rock,271005
S04284,Song 04284,A0167,jazz,234970
S04285,Song 04285,A0324,classical,240217
S04286,Song 04286,A0365,classical,164328
S04287,Song 04287,A0098,country,165478
S04288,Song 04288,A0206,metal,168881
S04289,Song 04289,A0305,electronic,155566
S04290,Song 04290,A0213,classical,278681
S04291,Song 04291,A0270,classical,328038
S04292,Song 04292,A0383,jazz,203022
S04293,Song 04293,A0350,rock,297035
S04294,Song 04294,A0280,latin,113288
S04295,Song 04295,A0345,jazz,206216
S04296,Song 04296,A0060,indie_rock,232780
S04297,Song 04297,A0141,hip_hop,211845
S04298,Song 04298,A0307,hip_hop,274246
S04299,Song 04299,A0008,pop,274324
S04300,Song 04300,A0068,jazz,282028
S04301,Song 04301,A0116,electronic,202345
S04302,Song 04302,A0085,jazz,384519
S04303,Song 04303,A0123,rock,221527
S04304,Song 04304,A0237,metal,253588
S04305,Song 04305,A0011,hip_hop,220457
S04306,Song 04306,A0276,r_and_b,281029
S04307,Song 04307,A0381,r_and_b,224381
S04308,Song 04308,A0400,metal,176484
S04309,Song 04309,A0152,jazz,270657
S04310,Song 04310,A0169,country,287750
S04311,Song 04311,A0065,country,246492
S04312,Song 04312,A0207,indie_rock,176548
S04313,Song 04313,A0343,indie_rock,270263
S04314,Song 04314,A0131,pop,210980
S04315,Song 04315,A0149,electronic,191996
S04316,Song 04316,A0340,country,192804
S04317,Song 04317,A0256,classical,157527
S04318,Song 04318,A0322,r_and_b,93801
S04319,Song 04319,A0112,hip_hop,242453
S04320,Song 04320,A0384,rock,219096
S04321,Song 04321,A0119,rock,113946
S04322,Song 04322,A0264,latin,273179
S04323,Song 04323,A0209,classical,244769
S04324,Song 04324,A0128,electronic,209780
S04325,Song 04325,A0349,hip_hop,259802
S04326,Song 04326,A0040,classical,167199
S04327,Song 04327,A0356,metal,178539
S04328,Song 04328,A0329,reggaeton,170723
S04329,Song 04329,A0374,electronic,168886
S04330,Song 04330,A0001,metal,217113
S04331,Song 04331,A0036,latin,171021
S04332,Song 04332,A0003,country,264961
S04333,Song 04333,A0035,jazz,272291
S04334,Song 04334,A0178,pop,287678
S04335,Song 04335,A0024,reggaeton,183471
S04336,Song 04336,A0330,hip_hop,214101
S04337,Song 04337,A0266,r_and_b,257144
S04338,Song 04338,A0062,jazz,175066
S04339,Song 04339,A0008,pop,280900
S04340,Song 04340,A0351,r_and_b,259220
S04341,Song 04341,A0026,reggaeton,375354
S04342,Song 04342,A0269,pop,196077
S04343,Song 04343,A0184,electronic,294000
S04344,Song 04344,A0328,electronic,271544
S04345,Song 04345,A0026,reggaeton,166812
S04346,Song 04346,A0044,latin,137367
S04347,Song 04347,A0125,country,238299
S04348,Song 04348,A0237,metal,267111
S04349,Song 04349,A0265,classical,214703
S04350,Song 04350,A0180,indie_rock,128551
S04351,Song 04351,A0182,pop,283832
S04352,Song 04352,A0234,pop,264490
S04353,Song 04353,A0235,metal,260381
S04354,Song 04354,A0137,country,317902
S04355,Song 04355,A0284,latin,370153
S04356,Song 04356,A0122,reggaeton,254321
S04357,Song 04357,A0241,metal,280141
S04358,Song 04358,A0054,jazz,262448
S04359,Song 04359,A0356,metal,242225
S04360,Song 04360,A0276,r_and_b,295690
S04361,Song 04361,A0239,pop,247351
S04362,Song 04362,A0033,metal,265843
S04363,Song 04363,A0015,jazz,348209
S04364,Song 04364,A0022,country,353994
S04365,Song 04365,A0088,reggaeton,95887
S04366,Song 04366,A0066,latin,328381
S04367,Song 04367,A0206,metal,234307
S04368,Song 04368,A0165,classical,175852
S04369,Song 04369,A0035,jazz,216390
S04370,Song 04370,A0164,classical,58839
S04371,Song 04371,A0095,r_and_b,173029
S04372,Song 04372,A0179,hip_hop,356773
S04373,Song 04373,A0361,r_and_b,266597
S04374,Song 04374,A0104,pop,210795
S04375,Song 04375,A0165,classical,325894
S04376,Song 04376,A0216,metal,140287
S04377,Song 04377,A0037,classical,250344
S04378,Song 04378,A0319,latin,144672
S04379,Song 04379,A0042,metal,264586
S04380,Song 04380,A0051,reggaeton,224134
S04381,Song 04381,A0233,metal,293888
S04382,Song 04382,A0260,rock,165181
S04383,Song 04383,A0101,jazz,236327
S04384,Song 04384,A0238,jazz,302970
S04385,Song 04385,A0003,country,287863
S04386,Song 04386,A0194,jazz,146466
S04387,Song 04387,A0342,classical,234213
S04388,Song 04388,A0002,latin,226831
S04389,Song 04389,A0017,metal,183088
S04390,Song 04390,A0179,hip_hop,221017
S04391,Song 04391,A0315,pop,160581
S04392,Song 04392,A0238,jazz,172047
S04393,Song 04393,A0163,pop,218222
S04394,Song 04394,A0141,hip_hop,232253
S04395,Song 04395,A0257,classical,187178
S04396,Song 04396,A0146,r_and_b,248371
S04397,Song 04397,A0010,classical,199325
S04398,Song 04398,A0090,electronic,329474
S04399,Song 04399,A0352,classical,132253
S04400,Song 04400,A0227,reggaeton,299289
S04401,Song 04401,A0029,latin,250793
S04402,Song 04402,A0269,pop,93477
S04403,Song 04403,A0135,indie_rock,258030
S04404,Song 04404,A0221,electronic,234785
S04405,Song 04405,A0007,latin,217412
S04406,Song 04406,A0191,r_and_b,180893
S04407,Song 04407,A0119,rock,188099
S04408,Song 04408,A0144,pop,263784
S04409,Song 04409,A0044,latin,302206
S04410,Song 04410,A0250,metal,258454
S04411,Song 04411,A0131,pop,150769
S04412,Song 04412,A0278,rock,207511
S04413,Song 04413,A0268,electronic,79908
S04414,Song 04414,A0379,rock,222423
S04415,Song 04415,A0382,metal,254286
S04416,Song 04416,A0399,latin,128676
S04417,Song 04417,A0239,pop,240920
S04418,Song 04418,A0358,latin,181854
S04419,Song 04419,A0277,electronic,190561
S04420,Song 04420,A0292,latin,159327
S04421,Song 04421,A0195,classical,275642
S04422,Song 04422,A0398,jazz,268811
S04423,Song 04423,A0180,indie_rock,229574
S04424,Song 04424,A0048,rock,282734
S04425,Song 04425,A0095,r_and_b,137597
S04426,Song 04426,A0252,classical,239705
S04427,Song 04427,A0164,classical,126405
S04428,Song 04428,A0043,electronic,249123
S04429,Song 04429,A0079,electronic,393489
S04430,Song 04430,A0141,hip_hop,226277
S04431,Song 04431,A0118,latin,200667
S04432,Song 04432,A0021,electronic,279182
S04433,Song 04433,A0164,classical,183083
S04434,Song 04434,A0219,country,200911
S04435,Song 04435,A0181,latin,209304
S04436,Song 04436,A0082,metal,176652
S04437,Song 04437,A0015,jazz,222101
S04438,Song 04438,A0297,r_and_b,242168
S04439,Song 04439,A0342,classical,135862
S04440,Song 04440,A0010,classical,255112
S04441,Song 04441,A0389,metal,150910
S04442,Song 04442,A0301,latin,356883
S04443,Song 04443,A0371,reggaeton,118137
S04444,Song 04444,A0262,country,312204
S04445,Song 04445,A0397,rock,194355
S04446,Song 04446,A0300,r_and_b,278973
S04447,Song 04447,A0341,metal,173015
S04448,Song 04448,A0305,electronic,274385
S04449,Song 04449,A0388,hip_hop,306913
S04450,Song 04450,A0388,hip_hop,190956
S04451,Song 04451,A0399,latin,115206
S04452,Song 04452,A0359,electronic,259263
S04453,Song 04453,A0297,r_and_b,138809
S04454,Song 04454,A0302,electronic,168802
S04455,Song 04455,A0224,electronic,206210
S04456,Song 04456,A0306,r_and_b,183133
S04457,Song 04457,A0058,electronic,87224
S04458,Song 04458,A0065,country,142329
S04459,Song 04459,A0362,latin,195543
S04460,Song 04460,A0240,country,264366
S04461,Song 04461,A0338,r_and_b,182104
S04462,Song 04462,A0260,rock,196729
S04463,Song 04463,A0213,classical,309256
S04464,Song 04464,A0211,pop,354196
S04465,Song 04465,A0385,latin,228067
S04466,Song 04466,A0099,pop,121580
S04467,Song 04467,A0275,indie_rock,270698
S04468,Song 04468,A0345,jazz,233143
S04469,Song 04469,A0178,pop,238778
S04470,Song 04470,A0339,hip_hop,281507
S04471,Song 04471,A0385,latin,197695
S04472,Song 04472,A0343,indie_rock,345663
S04473,Song 04473,A0123,rock,162313
S04474,Song 04474,A0321,reggaeton,131642
S04475,Song 04475,A0132,r_and_b,231922
S04476,Song 04476,A0169,country,135650
S04477,Song 04477,A0059,indie_rock,173607
S04478,Song 04478,A0108,jazz,99786
S04479,Song 04479,A0374,electronic,286448
S04480,Song 04480,A0242,electronic,255186
S04481,Song 04481,A0377,indie_rock,215725
S04482,Song 04482,A0324,classical,180366
S04483,Song 04483,A0074,reggaeton,107110
S04484,Song 04484,A0113,country,110102
S04485,Song 04485,A0281,latin,231859
S04486,Song 04486,A0383,jazz,306503
S04487,Song 04487,A0084,r_and_b,282328
S04488,Song 04488,A0336,reggaeton,76720
S04489,Song 04489,A0003,country,132977
S04490,Song 04490,A0283,latin,395072
S04491,Song 04491,A0336,reggaeton,227330
S04492,Song 04492,A0247,pop,244686
S04493,Song 04493,A0360,reggaeton,232777
S04494,Song 04494,A0014,r_and_b,317441
S04495,Song 04495,A0081,r_and_b,202467
S04496,Song 04496,A0040,classical,225298
S04497,Song 04497,A0295,hip_hop,255174
S04498,Song 04498,A0298,electronic,246845
S04499,Song 04499,A0400,metal,290429
S04500,Song 04500,A0267,country,247046
S04501,Song 04501,A0132,r_and_b,257800
S04502,Song 04502,A0157,electronic,162415
S04503,Song 04503,A0376,rock,196736
S04504,Song 04504,A0296,country,198459
S04505,Song 04505,A0088,reggaeton,254755
S04506,Song 04506,A0157,electronic,255206
S04507,Song 04507,A0095,r_and_b,206013
S04508,Song 04508,A0149,electronic,188133
S04509,Song 04509,A0277,electronic,92921
S04510,Song 04510,A0031,latin,116142
S04511,Song 04511,A0364,pop,195412
S04512,Song 04512,A0353,r_and_b,269141
S04513,Song 04513,A0057,country,217175
S04514,Song 04514,A0011,hip_hop,138835
S04515,Song 04515,A0348,classical,162844
S04516,Song 04516,A0313,electronic,155443
S04517,Song 04517,A0182,pop,213946
S04518,Song 04518,A0334,hip_hop,211999
S04519,Song 04519,A0065,country,285610
S04520,Song 04520,A0095,r_and_b,266472
S04521,Song 04521,A0127,rock,218184
S04522,Song 04522,A0327,indie_rock,253445
S04523,Song 04523,A0195,classical,156899
S04524,Song 04524,A0394,classical,98014
S04525,Song 04525,A0161,classical,255358
S04526,Song 04526,A0242,electronic,289743
S04527,Song 04527,A0234,pop,250544
S04528,Song 04528,A0150,indie_rock,173823
S04529,Song 04529,A0271,latin,161012
S04530,Song 04530,A0157,electronic,310817
S04531,Song 04531,A0196,classical,224719
S04532,Song 04532,A0303,hip_hop,292207
S04533,Song 04533,A0322,r_and_b,110661
S04534,Song 04534,A0027,rock,200118
S04535,Song 04535,A0138,country,179064
S04536,Song 04536,A0094,indie_rock,201733
S04537,Song 04537,A0104,pop,263899
S04538,Song 04538,A0003,country,390248
S04539,Song 04539,A0368,indie_rock,148657
S04540,Song 04540,A0287,indie_rock,225188
S04541,Song 04541,A0136,electronic,262806
S04542,Song 04542,A0379,rock,209105
S04543,Song 04543,A0274,pop,216990
S04544,Song 04544,A0325,metal,130087
S04545,Song 04545,A0264,latin,196035
S04546,Song 04546,A0382,metal,369291
S04547,Song 04547,A0023,pop,153886
S04548,Song 04548,A0023,pop,195160
S04549,Song 04549,A0089,reggaeton,250842
S04550,Song 04550,A0303,hip_hop,234615
S04551,Song 04551,A0068,jazz,273240
S04552,Song 04552,A0366,latin,238189
S04553,Song 04553,A0016,indie_rock,240386
S04554,Song 04554,A0247,pop,178502
S04555,Song 04555,A0318,hip_hop,138909
S04556,Song 04556,A0138,country,195937
S04557,Song 04557,A0376,rock,323763
S04558,Song 04558,A0324,classical,215082
S04559,Song 04559,A0058,electronic,170994
S04560,Song 04560,A0231,metal,252942
S04561,Song 04561,A0165,classical,140953
S04562,Song 04562,A0203,classical,184274
S04563,Song 04563,A0052,reggaeton,371097
S04564,Song 04564,A0379,rock,217214
S04565,Song 04565,A0276,r_and_b,194250
S04566,Song 04566,A0349,hip_hop,244454
S04567,Song 04567,A0385,latin,361144
S04568,Song 04568,A0171,jazz,266733
S04569,Song 04569,A0211,pop,221584
S04570,Song 04570,A0273,metal,221951
S04571,Song 04571,A0154,pop,281728
S04572,Song 04572,A0223,indie_rock,293613
S04573,Song 04573,A0254,jazz,160999
S04574,Song 04574,A0286,indie_rock,180378
S04575,Song 04575,A0136,electronic,244698
S04576,Song 04576,A0292,latin,84332
S04577,Song 04577,A0350,rock,149622
S04578,Song 04578,A0364,pop,319558
S04579,Song 04579,A0169,country,264922
S04580,Song 04580,A0321,reggaeton,270879
S04581,Song 04581,A0388,hip_hop,278741
S04582,Song 04582,A0377,indie_rock,405687
S04583,Song 04583,A0342,classical,298118
S04584,Song 04584,A0062,jazz,207012
S04585,Song 04585,A0137,country,307425
S04586,Song 04586,A0261,classical,360029
S04587,Song 04587,A0382,metal,199846
S04588,Song 04588,A0102,metal,361833
S04589,Song 04589,A0175,classical,330302
S04590,Song 04590,A0386,classical,198795
S04591,Song 04591,A0315,pop,186126
S04592,Song 04592,A0115,hip_hop,190443
S04593,Song 04593,A0011,hip_hop,194850
S04594,Song 04594,A0175,classical,201320
S04595,Song 04595,A0312,pop,246482
S04596,Song 04596,A0201,r_and_b,167068
S04597,Song 04597,A0359,electronic,254739
S04598,Song 04598,A0086,indie_rock,199349
S04599,Song 04599,A0193,jazz,143777
S04600,Song 04600,A0270,classical,269465
S04601,Song 04601,A0190,metal,291073
S04602,Song 04602,A0341,metal,306295
S04603,Song 04603,A0232,classical,190380
S04604,Song 04604,A0120,reggaeton,270547
S04605,Song 04605,A0323,hip_hop,225384
S04606,Song 04606,A0377,indie_rock,242928
S04607,Song 04607,A0005,latin,313998
S04608,Song 04608,A0361,r_and_b,178729
S04609,Song 04609,A0307,hip_hop,237962
S04610,Song 04610,A0030,latin,219963
S04611,Song 04611,A0349,hip_hop,325683
S04612,Song 04612,A0174,jazz,274422
S04613,Song 04613,A0287,indie_rock,235487
S04614,Song 04614,A0247,pop,205056
S04615,Song 04615,A0242,electronic,278023
S04616,Song 04616,A0264,latin,211825
S04617,Song 04617,A0078,reggaeton,291619
S04618,Song 04618,A0381,r_and_b,172443
S04619,Song 04619,A0043,electronic,204773
S04620,Song 04620,A0092,indie_rock,196893
S04621,Song 04621,A0376,rock,201252
S04622,Song 04622,A0163,pop,223185
S04623,Song 04623,A0027,rock,284768
S04624,Song 04624,A0171,jazz,331768
S04625,Song 04625,A0325,metal,199588
S04626,Song 04626,A0196,classical,207575
S04627,Song 04627,A0110,r_and_b,208991
S04628,Song 04628,A0358,latin,195143
S04629,Song 04629,A0389,metal,308979
S04630,Song 04630,A0083,indie_rock,246592
S04631,Song 04631,A0209,classical,120888
S04632,Song 04632,A0209,classical,201093
S04633,Song 04633,A0296,country,120985
S04634,Song 04634,A0388,hip_hop,323088
S04635,Song 04635,A0131,pop,189285
S04636,Song 04636,A0079,electronic,134614
S04637,Song 04637,A0138,country,196009
S04638,Song 04638,A0196,classical,197324
S04639,Song 04639,A0388,hip_hop,249224
S04640,Song 04640,A0386,classical,170734
S04641,Song 04641,A0380,r_and_b,127885
S04642,Song 04642,A0242,electronic,340430
S04643,Song 04643,A0127,rock,186277
S04644,Song 04644,A0236,hip_hop,185918
S04645,Song 04645,A0333,jazz,157919
S04646,Song 04646,A0166,electronic,247865
S04647,Song 04647,A0153,rock,279011
S04648,Song 04648,A0251,r_and_b,272710
S04649,Song 04649,A0224,electronic,205155
S04650,Song 04650,A0015,jazz,309123
S04651,Song 04651,A0091,latin,90444
S04652,Song 04652,A0354,pop,192409
S04653,Song 04653,A0254,jazz,134537
S04654,Song 04654,A0013,classical,244833
S04655,Song 04655,A0045,indie_rock,204759
S04656,Song 04656,A0316,metal,250999
S04657,Song 04657,A0081,r_and_b,188833
S04658,Song 04658,A0242,electronic,75828
S04659,Song 04659,A0355,rock,254015
S04660,Song 04660,A0229,reggaeton,114675
S04661,Song 04661,A0135,indie_rock,310886
S04662,Song 04662,A0118,latin,239335
S04663,Song 04663,A0293,pop,132923
S04664,Song 04664,A0292,latin,314994
S04665,Song 04665,A0247,pop,255151
S04666,Song 04666,A0132,r_and_b,164640
S04667,Song 04667,A0138,country,294818
S04668,Song 04668,A0307,hip_hop,116320
S04669,Song 04669,A0382,metal,73213
S04670,Song 04670,A0399,latin,63895
S04671,Song 04671,A0183,jazz,247570
S04672,Song 04672,A0157,electronic,240188
S04673,Song 04673,A0292,latin,166637
S04674,Song 04674,A0313,electronic,255015
S04675,Song 04675,A0142,indie_rock,169435
S04676,Song 04676,A0057,country,159803
S04677,Song 04677,A0235,metal,245329
S04678,Song 04678,A0264,latin,202268
S04679,Song 04679,A0070,hip_hop,198140
S04680,Song 04680,A0104,pop,353797
S04681,Song 04681,A0234,pop,305234
S04682,Song 04682,A0209,classical,244670
S04683,Song 04683,A0195,classical,319707
S04684,Song 04684,A0025,country,345999
S04685,Song 04685,A0308,electronic,213213
S04686,Song 04686,A0075,reggaeton,287169
S04687,Song 04687,A0104,pop,210837
S04688,Song 04688,A0244,jazz,215748
S04689,Song 04689,A0074,reggaeton,230088
S04690,Song 04690,A0373,rock,201572
S04691,Song 04691,A0014,r_and_b,134568
S04692,Song 04692,A0298,electronic,210895
S04693,Song 04693,A0235,metal,197321
S04694,Song 04694,A0053,country,114806
S04695,Song 04695,A0273,metal,238676
S04696,Song 04696,A0167,jazz,159168
S04697,Song 04697,A0378,pop,216539
S04698,Song 04698,A0317,country,173179
S04699,Song 04699,A0123,rock,161326
S04700,Song 04700,A0024,reggaeton,170429
S04701,Song 04701,A0237,metal,266827
S04702,Song 04702,A0309,reggaeton,277158
S04703,Song 04703,A0228,r_and_b,289220
S04704,Song 04704,A0009,reggaeton,244801
S04705,Song 04705,A0247,pop,184081
S04706,Song 04706,A0321,reggaeton,142628
S04707,Song 04707,A0192,reggaeton,257351
S04708,Song 04708,A0179,hip_hop,278347
S04709,Song 04709,A0257,classical,219804
S04710,Song 04710,A0293,pop,221850
S04711,Song 04711,A0100,electronic,161102
S04712,Song 04712,A0374,electronic,150262
S04713,Song 04713,A0347,pop,306662
S04714,Song 04714,A0134,rock,220452
S04715,Song 04715,A0295,hip_hop,238045
S04716,Song 04716,A0181,latin,332764
S04717,Song 04717,A0140,latin,146480
S04718,Song 04718,A0151,electronic,219960
S04719,Song 04719,A0068,jazz,309313
S04720,Song 04720,A0033,metal,276162
S04721,Song 04721,A0151,electronic,258297
S04722,Song 04722,A0194,jazz,236655
S04723,Song 04723,A0161,classical,289856
S04724,Song 04724,A0181,latin,276177
S04725,Song 04725,A0397,rock,191331
S04726,Song 04726,A0178,pop,289482
S04727,Song 04727,A0352,classical,242174
S04728,Song 04728,A0283,latin,180668
S04729,Song 04729,A0239,pop,214269
S04730,Song 04730,A0359,electronic,188563
S04731,Song 04731,A0360,reggaeton,174002
S04732,Song 04732,A0339,hip_hop,243927
S04733,Song 04733,A0167,jazz,120829
S04734,Song 04734,A0345,jazz,317336
S04735,Song 04735,A0255,classical,234207
S04736,Song 04736,A0337,pop,214501
S04737,Song 04737,A0048,rock,320999
S04738,Song 04738,A0190,metal,182058
S04739,Song 04739,A0118,latin,181716
S04740,Song 04740,A0084,r_and_b,319147
S04741,Song 04741,A0158,jazz,188154
S04742,Song 04742,A0078,reggaeton,259877
S04743,Song 04743,A0180,indie_rock,259421
S04744,Song 04744,A0289,metal,275606
S04745,Song 04745,A0021,electronic,324067
S04746,Song 04746,A0378,pop,227456
S04747,Song 04747,A0248,electronic,197391
S04748,Song 04748,A0257,classical,122684
S04749,Song 04749,A0063,jazz,213748
S04750,Song 04750,A0262,country,173112
S04751,Song 04751,A0099,pop,270491
S04752,Song 04752,A0161,classical,261685
S04753,Song 04753,A0042,metal,216189
S04754,Song 04754,A0112,hip_hop,292062
S04755,Song 04755,A0261,classical,353709
S04756,Song 04756,A0326,country,185413
S04757,Song 04757,A0271,latin,255901
S04758,Song 04758,A0038,indie_rock,221659
S04759,Song 04759,A0306,r_and_b,234766
S04760,Song 04760,A0382,metal,177075
S04761,Song 04761,A0147,indie_rock,141256
S04762,Song 04762,A0222,hip_hop,309325
S04763,Song 04763,A0156,metal,213415
S04764,Song 04764,A0374,electronic,116657
S04765,Song 04765,A0276,r_and_b,193754
S04766,Song 04766,A0194,jazz,102549
S04767,Song 04767,A0150,indie_rock,166227
S04768,Song 04768,A0023,pop,214152
S04769,Song 04769,A0119,rock,311108
S04770,Song 04770,A0134,rock,177965
S04771,Song 04771,A0087,classical,249448
S04772,Song 04772,A0139,rock,105488
S04773,Song 04773,A0248,electronic,258481
S04774,Song 04774,A0252,classical,187589
S04775,Song 04775,A0289,metal,238584
S04776,Song 04776,A0077,rock,171802
S04777,Song 04777,A0105,hip_hop,194833
S04778,Song 04778,A0033,metal,329790
S04779,Song 04779,A0294,metal,257857
S04780,Song 04780,A0283,latin,266197
S04781,Song 04781,A0019,indie_rock,171593
S04782,Song 04782,A0369,electronic,138086
S04783,Song 04783,A0112,hip_hop,266340
S04784,Song 04784,A0344,r_and_b,136185
S04785,Song 04785,A0191,r_and_b,208193
S04786,Song 04786,A0166,electronic,292627
S04787,Song 04787,A0144,pop,256094
S04788,Song 04788,A0001,metal,253442
S04789,Song 04789,A0098,country,236801
S04790,Song 04790,A0127,rock,123633
S04791,Song 04791,A0055,electronic,259468
S04792,Song 04792,A0337,pop,309324
S04793,Song 04793,A0151,electronic,175227
S04794,Song 04794,A0198,latin,179017
S04795,Song 04795,A0171,jazz,289855
S04796,Song 04796,A0205,jazz,189295
S04797,Song 04797,A0337,pop,254148
S04798,Song 04798,A0169,country,272620
S04799,Song 04799,A0242,electronic,210743
S04800,Song 04800,A0095,r_and_b,208627
S04801,Song 04801,A0136,electronic,143848
S04802,Song 04802,A0332,electronic,180075
S04803,Song 04803,A0233,metal,203022
S04804,Song 04804,A0174,jazz,134593
S04805,Song 04805,A0067,jazz,221118
S04806,Song 04806,A0178,pop,329947
S04807,Song 04807,A0116,electronic,306641
S04808,Song 04808,A0022,country,272131
S04809,Song 04809,A0033,metal,176082
S04810,Song 04810,A0086,indie_rock,129462
S04811,Song 04811,A0011,hip_hop,262133
S04812,Song 04812,A0095,r_and_b,303558
S04813,Song 04813,A0204,rock,326766
S04814,Song 04814,A0032,electronic,173067
S04815,Song 04815,A0297,r_and_b,278133
S04816,Song 04816,A0219,country,327026
S04817,Song 04817,A0190,metal,238204
S04818,Song 04818,A0142,indie_rock,200954
S04819,Song 04819,A0349,hip_hop,187918
S04820,Song 04820,A0075,reggaeton,208147
S04821,Song 04821,A0016,indie_rock,300773
S04822,Song 04822,A0323,hip_hop,128178
S04823,Song 04823,A0138,country,263220
S04824,Song 04824,A0154,pop,190021
S04825,Song 04825,A0025,country,373386
S04826,Song 04826,A0120,reggaeton,306484
S04827,Song 04827,A0047,rock,263643
S04828,Song 04828,A0319,latin,322796
S04829,Song 04829,A0338,r_and_b,235929
S04830,Song 04830,A0220,hip_hop,225372
S04831,Song 04831,A0141,hip_hop,213917
S04832,Song 04832,A0363,electronic,274421
S04833,Song 04833,A0255,classical,241268
S04834,Song 04834,A0369,electronic,169273
S04835,Song 04835,A0210,r_and_b,274350
S04836,Song 04836,A0011,hip_hop,222667
S04837,Song 04837,A0372,hip_hop,151847
S04838,Song 04838,A0137,country,253446
S04839,Song 04839,A0361,r_and_b,146434
S04840,Song 04840,A0223,indie_rock,204263
S04841,Song 04841,A0232,classical,173070
S04842,Song 04842,A0034,latin,206391
S04843,Song 04843,A0104,pop,316785
S04844,Song 04844,A0377,indie_rock,268460
S04845,Song 04845,A0296,country,281762
S04846,Song 04846,A0111,latin,190452
S04847,Song 04847,A0120,reggaeton,101106
S04848,Song 04848,A0271,latin,255965
S04849,Song 04849,A0126,country,167544
S04850,Song 04850,A0383,jazz,180569
S04851,Song 04851,A0315,pop,221257
S04852,Song 04852,A0214,electronic,234027
S04853,Song 04853,A0020,jazz,277171
S04854,Song 04854,A0290,r_and_b,137328
S04855,Song 04855,A0239,pop,158797
S04856,Song 04856,A0225,jazz,190044
S04857,Song 04857,A0098,country,253187
S04858,Song 04858,A0136,electronic,196150
S04859,Song 04859,A0323,hip_hop,264509
S04860,Song 04860,A0084,r_and_b,254931
S04861,Song 04861,A0224,electronic,179424
S04862,Song 04862,A0069,pop,244391
S04863,Song 04863,A0290,r_and_b,170639
S04864,Song 04864,A0286,indie_rock,190841
S04865,Song 04865,A0280,latin,269859
S04866,Song 04866,A0095,r_and_b,226453
S04867,Song 04867,A0163,pop,137594
S04868,Song 04868,A0374,electronic,214798
S04869,Song 04869,A0349,hip_hop,185461
S04870,Song 04870,A0223,indie_rock,185489
S04871,Song 04871,A0123,rock,207562
S04872,Song 04872,A0184,electronic,307481
S04873,Song 04873,A0250,metal,229023
S04874,Song 04874,A0007,latin,264929
S04875,Song 04875,A0257,classical,197693
S04876,Song 04876,A0367,pop,199578
S04877,Song 04877,A0396,country,130448
S04878,Song 04878,A0252,classical,203713
S04879,Song 04879,A0158,jazz,165267
S04880,Song 04880,A0367,pop,215299
S04881,Song 04881,A0064,classical,260105
S04882,Song 04882,A0207,indie_rock,229512
S04883,Song 04883,A0303,hip_hop,104497
S04884,Song 04884,A0117,rock,214266
S04885,Song 04885,A0076,metal,126049
S04886,Song 04886,A0159,latin,339577
S04887,Song 04887,A0071,latin,105145
S04888,Song 04888,A0008,pop,302564
S04889,Song 04889,A0360,reggaeton,181019
S04890,Song 04890,A0294,metal,214467
S04891,Song 04891,A0136,electronic,201711
S04892,Song 04892,A0370,country,322180
S04893,Song 04893,A0073,pop,170985
S04894,Song 04894,A0347,pop,271369
S04895,Song 04895,A0057,country,363502
S04896,Song 04896,A0130,hip_hop,145918
S04897,Song 04897,A0296,country,226404
S04898,Song 04898,A0062,jazz,211577
S04899,Song 04899,A0079,electronic,149117
S04900,Song 04900,A0283,latin,155553
S04901,Song 04901,A0252,classical,113347
S04902,Song 04902,A0380,r_and_b,227951
S04903,Song 04903,A0367,pop,227662
S04904,Song 04904,A0319,latin,241543
S04905,Song 04905,A0054,jazz,302528
S04906,Song 04906,A0229,reggaeton,152484
S04907,Song 04907,A0400,metal,134408
S04908,Song 04908,A0380,r_and_b,269939
S04909,Song 04909,A0094,indie_rock,265193
S04910,Song 04910,A0027,rock,299311
S04911,Song 04911,A0039,reggaeton,272505
S04912,Song 04912,A0078,reggaeton,159855
S04913,Song 04913,A0379,rock,275489
S04914,Song 04914,A0352,classical,200937
S04915,Song 04915,A0147,indie_rock,264219
S04916,Song 04916,A0350,rock,281434
S04917,Song 04917,A0339,hip_hop,192458
S04918,Song 04918,A0130,hip_hop,187274
S04919,Song 04919,A0121,classical,198848
S04920,Song 04920,A0261,classical,214666
S04921,Song 04921,A0157,electronic,168445
S04922,Song 04922,A0183,jazz,129953
S04923,Song 04923,A0066,latin,187555
S04924,Song 04924,A0194,jazz,218372
S04925,Song 04925,A0283,latin,202677
S04926,Song 04926,A0284,latin,222017
S04927,Song 04927,A0071,latin,367884
S04928,Song 04928,A0046,classical,62634
S04929,Song 04929,A0117,rock,245283
S04930,Song 04930,A0037,classical,365961
S04931,Song 04931,A0186,reggaeton,269289
S04932,Song 04932,A0284,latin,314821
S04933,Song 04933,A0196,classical,185768
S04934,Song 04934,A0228,r_and_b,319091
S04935,Song 04935,A0206,metal,144101
S04936,Song 04936,A0018,country,255054
S04937,Song 04937,A0324,classical,252535
S04938,Song 04938,A0383,jazz,193156
S04939,Song 04939,A0341,metal,99459
S04940,Song 04940,A0360,reggaeton,180751
S04941,Song 04941,A0382,metal,208588
S04942,Song 04942,A0017,metal,154028
S04943,Song 04943,A0105,hip_hop,132964
S04944,Song 04944,A0021,electronic,138255
S04945,Song 04945,A0376,rock,303644
S04946,Song 04946,A0279,metal,158277
S04947,Song 04947,A0243,electronic,261525
S04948,Song 04948,A0020,jazz,305370
S04949,Song 04949,A0062,jazz,298318
S04950,Song 04950,A0142,indie_rock,257596
S04951,Song 04951,A0031,latin,225374
S04952,Song 04952,A0028,r_and_b,276740
S04953,Song 04953,A0158,jazz,176450
S04954,Song 04954,A0285,metal,250124
S04955,Song 04955,A0034,latin,276680
S04956,Song 04956,A0193,jazz,219716
S04957,Song 04957,A0318,hip_hop,209563
S04958,Song 04958,A0136,electronic,273027
S04959,Song 04959,A0202,rock,210406
S04960,Song 04960,A0166,electronic,209993
S04961,Song 04961,A0211,pop,204447
S04962,Song 04962,A0334,hip_hop,104268
S04963,Song 04963,A0016,indie_rock,249115
S04964,Song 04964,A0157,electronic,319879
S04965,Song 04965,A0220,hip_hop,232211
S04966,Song 04966,A0093,latin,175099
S04967,Song 04967,A0251,r_and_b,153071
S04968,Song 04968,A0334,hip_hop,305015
S04969,Song 04969,A0116,electronic,144305
S04970,Song 04970,A0060,indie_rock,268936
S04971,Song 04971,A0150,indie_rock,223895
S04972,Song 04972,A0238,jazz,300114
S04973,Song 04973,A0178,pop,300469
S04974,Song 04974,A0337,pop,255254
S04975,Song 04975,A0279,metal,191412
S04976,Song 04976,A0177,pop,200722
S04977,Song 04977,A0117,rock,266714
S04978,Song 04978,A0251,r_and_b,213593
S04979,Song 04979,A0303,hip_hop,185923
S04980,Song 04980,A0113,country,231062
S04981,Song 04981,A0260,rock,112902
S04982,Song 04982,A0224,electronic,355459
S04983,Song 04983,A0380,r_and_b,283135
S04984,Song 04984,A0083,indie_rock,111037
S04985,Song 04985,A0113,country,269467
S04986,Song 04986,A0217,r_and_b,237929
S04987,Song 04987,A0267,country,143253
S04988,Song 04988,A0067,jazz,262030
S04989,Song 04989,A0084,r_and_b,206220
S04990,Song 04990,A0160,metal,244860
S04991,Song 04991,A0170,electronic,290057
S04992,Song 04992,A0270,classical,185204
S04993,Song 04993,A0021,electronic,145765
S04994,Song 04994,A0108,jazz,331315
S04995,Song 04995,A0396,country,205177
S04996,Song 04996,A0252,classical,121548
S04997,Song 04997,A0198,latin,286195
S04998,Song 04998,A0282,indie_rock,255538
S04999,Song 04999,A0088,reggaeton,265664
S05000,Song 05000,A0075,reggaeton,235677
